Task,Filename,Type,NIQE,BRISQUE,Entropy,LOE,Sharpness,Gradient
LowLight_CLAHE,img_1.PNG,low_light,,,2.4702703952789307,192.7728,,
LowLight_CLAHE,img_2.PNG,low_light,,,2.6418662071228027,266.5173,,
LowLight_CLAHE,img_3.PNG,low_light,,,3.8066422939300537,264.2314,,
LowLight_CLAHE,img_4.PNG,low_light,,,3.790337085723877,326.0697,,
LowLight_CLAHE,img_5.PNG,low_light,,,3.424718141555786,353.2358,,
LowLight_CLAHE,img_6.PNG,low_light,,,3.1779723167419434,280.6377,,
LowLight_CLAHE,img_7.PNG,low_light,,,3.670259714126587,256.769,,
LowLight_CLAHE,img_8.PNG,low_light,,,3.8105549812316895,283.6715,,
LowLight_CLAHE,img_9.PNG,low_light,,,4.256568431854248,326.3027,,
LowLight_CLAHE,img_10.PNG,low_light,,,5.4534406661987305,450.0746,,
LowLight_CLAHE,img_11.PNG,low_light,,,4.017906188964844,430.6496,,
LowLight_CLAHE,img_12.PNG,low_light,,,3.0182723999023438,244.0424,,
LowLight_CLAHE,img_13.PNG,low_light,,,3.0177974700927734,288.7216,,
LowLight_CLAHE,img_14.PNG,low_light,,,2.3875021934509277,181.178,,
LowLight_CLAHE,img_15.PNG,low_light,,,4.542486667633057,258.6539,,
LowLight_CLAHE,img_16.PNG,low_light,,,4.449910640716553,271.6469,,
LowLight_CLAHE,img_17.PNG,low_light,,,3.5050909519195557,251.2712,,
LowLight_CLAHE,img_18.PNG,low_light,,,3.8277852535247803,279.9295,,
LowLight_CLAHE,img_19.PNG,low_light,,,3.943629741668701,251.0021,,
LowLight_CLAHE,img_20.PNG,low_light,,,4.200918674468994,371.7606,,
LowLight_CLAHE,img_21.PNG,low_light,,,0.7314268350601196,296.3643,,
LowLight_CLAHE,img_22.PNG,low_light,,,0.9352481365203857,353.4164,,
LowLight_CLAHE,img_23.PNG,low_light,,,3.302253246307373,214.5777,,
LowLight_CLAHE,img_24.PNG,low_light,,,3.1906373500823975,285.6181,,
LowLight_CLAHE,img_25.PNG,low_light,,,2.477756977081299,287.4706,,
LowLight_CLAHE,img_26.PNG,low_light,,,1.521275520324707,180.9432,,
LowLight_CLAHE,img_27.PNG,low_light,,,1.813559651374817,194.926,,
LowLight_CLAHE,img_28.PNG,low_light,,,1.4142248630523682,177.7554,,
LowLight_CLAHE,img_29.PNG,low_light,,,2.333782434463501,124.9818,,
LowLight_CLAHE,img_30.PNG,low_light,,,2.138956308364868,202.8356,,
LowLight_CLAHE,img_31.PNG,low_light,,,1.9337996244430542,197.8855,,
LowLight_CLAHE,img_32.PNG,low_light,,,3.277306318283081,191.769,,
LowLight_CLAHE,img_33.PNG,low_light,,,2.981065034866333,156.6146,,
LowLight_CLAHE,img_34.PNG,low_light,,,2.013674020767212,221.1546,,
LowLight_CLAHE,img_35.PNG,low_light,,,1.6827548742294312,251.137,,
LowLight_CLAHE,img_36.PNG,low_light,,,0.9179422855377197,83.8054,,
LowLight_CLAHE,img_37.PNG,low_light,,,1.5681118965148926,120.5836,,
LowLight_CLAHE,img_38.PNG,low_light,,,2.3284363746643066,201.6256,,
LowLight_CLAHE,img_39.PNG,low_light,,,2.4756085872650146,171.2657,,
LowLight_CLAHE,img_40.PNG,low_light,,,2.178123950958252,171.3111,,
LowLight_CLAHE,img_41.PNG,low_light,,,2.0382049083709717,141.511,,
LowLight_CLAHE,img_42.PNG,low_light,,,1.920213222503662,123.1459,,
LowLight_CLAHE,img_43.PNG,low_light,,,2.064945936203003,131.3168,,
LowLight_CLAHE,img_44.PNG,low_light,,,1.99742591381073,161.3863,,
LowLight_CLAHE,img_45.PNG,low_light,,,2.1520872116088867,203.5153,,
LowLight_CLAHE,img_46.PNG,low_light,,,2.6320102214813232,259.2858,,
LowLight_CLAHE,img_47.PNG,low_light,,,3.281667709350586,189.4569,,
LowLight_CLAHE,img_48.PNG,low_light,,,3.065293073654175,220.0574,,
LowLight_CLAHE,img_49.PNG,low_light,,,2.042285919189453,84.9845,,
LowLight_CLAHE,img_50.PNG,low_light,,,1.6554737091064453,180.401,,
LowLight_CLAHE,img_51.PNG,low_light,,,2.91279935836792,256.8116,,
LowLight_CLAHE,img_52.PNG,low_light,,,2.4143714904785156,150.8562,,
LowLight_CLAHE,img_53.PNG,low_light,,,2.66516375541687,238.3291,,
LowLight_CLAHE,img_54.PNG,low_light,,,1.9057501554489136,209.4946,,
LowLight_CLAHE,img_55.PNG,low_light,,,3.9015755653381348,390.2684,,
LowLight_CLAHE,img_56.PNG,low_light,,,2.9451000690460205,443.9203,,
LowLight_CLAHE,img_57.PNG,low_light,,,2.3685662746429443,795.5543,,
LowLight_CLAHE,img_58.PNG,low_light,,,1.188320279121399,627.4846,,
LowLight_CLAHE,img_59.PNG,low_light,,,1.0194512605667114,1075.2706,,
LowLight_CLAHE,img_60.PNG,low_light,,,0.7295435667037964,1160.1605,,
LowLight_CLAHE,img_61.PNG,low_light,,,2.743408203125,489.6803,,
LowLight_CLAHE,img_62.PNG,low_light,,,3.917402744293213,282.8877,,
LowLight_CLAHE,img_63.PNG,low_light,,,4.382137775421143,379.872,,
LowLight_CLAHE,img_64.PNG,low_light,,,3.7853176593780518,655.7865,,
LowLight_CLAHE,img_65.PNG,low_light,,,2.7379844188690186,423.2497,,
LowLight_CLAHE,img_66.PNG,low_light,,,2.3097281455993652,737.9387,,
LowLight_CLAHE,img_67.PNG,low_light,,,2.003269910812378,645.3933,,
LowLight_CLAHE,img_68.PNG,low_light,,,3.98110294342041,440.0095,,
LowLight_CLAHE,img_69.PNG,low_light,,,3.8057687282562256,532.3309,,
LowLight_CLAHE,img_70.PNG,low_light,,,4.09749698638916,432.622,,
LowLight_CLAHE,img_71.PNG,low_light,,,1.8485877513885498,692.827,,
LowLight_CLAHE,img_72.PNG,low_light,,,1.6404204368591309,341.5159,,
LowLight_CLAHE,img_73.PNG,low_light,,,1.051156759262085,113.9163,,
LowLight_CLAHE,img_74.PNG,low_light,,,0.7905141115188599,32.3885,,
LowLight_CLAHE,img_75.PNG,low_light,,,0.8597412705421448,58.735,,
LowLight_CLAHE,img_76.PNG,low_light,,,1.5285550355911255,119.6871,,
LowLight_CLAHE,img_77.PNG,low_light,,,2.9755001068115234,513.1422,,
LowLight_CLAHE,img_78.PNG,low_light,,,2.5295729637145996,710.4124,,
LowLight_CLAHE,img_79.PNG,low_light,,,2.669119119644165,649.5458,,
LowLight_CLAHE,img_80.PNG,low_light,,,1.7805521488189697,114.944,,
LowLight_CLAHE,img_81.PNG,low_light,,,1.7980401515960693,132.711,,
LowLight_CLAHE,img_82.PNG,low_light,,,2.3582684993743896,181.4917,,
LowLight_CLAHE,img_83.PNG,low_light,,,2.144230365753174,154.7752,,
LowLight_CLAHE,img_84.PNG,low_light,,,2.0305588245391846,177.6572,,
LowLight_CLAHE,img_85.PNG,low_light,,,3.2539196014404297,258.0019,,
LowLight_CLAHE,img_86.PNG,low_light,,,3.550833225250244,250.9693,,
LowLight_CLAHE,img_87.PNG,low_light,,,3.635737895965576,278.3499,,
LowLight_CLAHE,img_88.PNG,low_light,,,2.9733211994171143,254.1846,,
LowLight_CLAHE,img_89.PNG,low_light,,,1.7322038412094116,110.5012,,
LowLight_CLAHE,img_90.PNG,low_light,,,1.4243218898773193,123.3309,,
LowLight_CLAHE,img_91.PNG,low_light,,,1.763892412185669,126.1018,,
LowLight_CLAHE,img_92.PNG,low_light,,,1.5863670110702515,130.5526,,
LowLight_CLAHE,img_93.PNG,low_light,,,3.0780653953552246,204.2084,,
LowLight_CLAHE,img_94.PNG,low_light,,,2.7657551765441895,131.4563,,
LowLight_CLAHE,img_95.PNG,low_light,,,2.8992748260498047,263.2109,,
LowLight_CLAHE,img_96.PNG,low_light,,,3.304138660430908,279.3586,,
LowLight_CLAHE,img_97.PNG,low_light,,,3.080718517303467,341.0247,,
LowLight_CLAHE,img_98.PNG,low_light,,,2.666841506958008,157.6645,,
LowLight_CLAHE,img_99.PNG,low_light,,,2.9383702278137207,198.5844,,
LowLight_CLAHE,img_100.PNG,low_light,,,2.406968832015991,142.469,,
LowLight_CLAHE,img_101.PNG,low_light,,,3.1920077800750732,302.3248,,
LowLight_CLAHE,img_102.PNG,low_light,,,2.950444459915161,270.1112,,
LowLight_CLAHE,img_103.PNG,low_light,,,3.0366132259368896,269.1309,,
LowLight_CLAHE,img_104.PNG,low_light,,,2.745065450668335,306.0499,,
LowLight_CLAHE,img_105.PNG,low_light,,,3.2524383068084717,239.0001,,
LowLight_CLAHE,img_106.PNG,low_light,,,3.0488669872283936,281.0155,,
LowLight_CLAHE,img_107.PNG,low_light,,,2.7610130310058594,203.015,,
LowLight_CLAHE,img_108.PNG,low_light,,,3.3006184101104736,260.0272,,
LowLight_CLAHE,img_109.PNG,low_light,,,2.8960602283477783,234.9358,,
LowLight_CLAHE,img_110.PNG,low_light,,,2.5434348583221436,274.9546,,
LowLight_CLAHE,img_111.PNG,low_light,,,3.1468799114227295,192.1655,,
LowLight_CLAHE,img_112.PNG,low_light,,,1.885095238685608,124.9773,,
LowLight_CLAHE,img_113.PNG,low_light,,,2.2305855751037598,101.9334,,
LowLight_CLAHE,img_114.PNG,low_light,,,2.9242889881134033,156.0073,,
LowLight_CLAHE,img_115.PNG,low_light,,,3.220916748046875,241.2261,,
LowLight_CLAHE,img_116.PNG,low_light,,,3.257359027862549,184.5733,,
LowLight_CLAHE,img_117.PNG,low_light,,,3.166008949279785,196.6447,,
LowLight_CLAHE,img_118.PNG,low_light,,,4.071343898773193,267.9451,,
LowLight_CLAHE,img_119.PNG,low_light,,,2.9377975463867188,239.8578,,
LowLight_CLAHE,img_120.PNG,low_light,,,1.363373041152954,209.9485,,
LowLight_CLAHE,img_121.PNG,low_light,,,3.2729365825653076,316.3683,,
LowLight_CLAHE,img_122.PNG,low_light,,,2.544703722000122,171.1984,,
LowLight_CLAHE,img_123.PNG,low_light,,,1.5679234266281128,119.693,,
LowLight_CLAHE,img_124.PNG,low_light,,,3.50190806388855,377.5889,,
LowLight_CLAHE,img_125.PNG,low_light,,,3.5362892150878906,427.958,,
LowLight_CLAHE,img_126.PNG,low_light,,,3.998950958251953,317.4581,,
LowLight_CLAHE,img_127.PNG,low_light,,,3.055368185043335,241.1608,,
LowLight_CLAHE,img_128.PNG,low_light,,,2.200385808944702,74.0638,,
LowLight_CLAHE,img_129.PNG,low_light,,,2.396592378616333,182.7428,,
LowLight_CLAHE,img_130.PNG,low_light,,,1.4198822975158691,221.4742,,
LowLight_CLAHE,img_131.PNG,low_light,,,0.8417304754257202,17.7254,,
LowLight_CLAHE,img_132.PNG,low_light,,,1.333673357963562,118.0335,,
LowLight_CLAHE,img_133.PNG,low_light,,,2.3209340572357178,231.578,,
LowLight_CLAHE,img_134.PNG,low_light,,,3.3349506855010986,202.374,,
LowLight_CLAHE,img_135.PNG,low_light,,,3.1733217239379883,183.186,,
LowLight_CLAHE,img_136.PNG,low_light,,,1.4618775844573975,51.431,,
LowLight_CLAHE,img_137.PNG,low_light,,,2.937025547027588,131.1118,,
LowLight_CLAHE,img_138.PNG,low_light,,,1.8241634368896484,236.99,,
LowLight_CLAHE,img_139.PNG,low_light,,,0.4153585731983185,118.415,,
LowLight_CLAHE,img_140.PNG,low_light,,,1.3718847036361694,188.3151,,
LowLight_CLAHE,img_141.PNG,low_light,,,2.001713275909424,295.0264,,
LowLight_CLAHE,img_142.PNG,low_light,,,3.119612455368042,343.2919,,
LowLight_CLAHE,img_143.PNG,low_light,,,3.1171066761016846,341.7547,,
LowLight_CLAHE,img_144.PNG,low_light,,,3.2740955352783203,337.1138,,
LowLight_CLAHE,img_145.PNG,low_light,,,3.2425830364227295,349.2412,,
LowLight_CLAHE,img_146.PNG,low_light,,,3.2712628841400146,362.6819,,
LowLight_CLAHE,img_147.PNG,low_light,,,3.59091854095459,271.0575,,
LowLight_CLAHE,img_148.PNG,low_light,,,3.4139742851257324,294.465,,
LowLight_CLAHE,img_149.PNG,low_light,,,2.359560251235962,350.1556,,
LowLight_CLAHE,img_150.PNG,low_light,,,2.1718802452087402,209.3814,,
LowLight_CLAHE,img_151.PNG,low_light,,,1.290690302848816,113.8622,,
LowLight_CLAHE,img_152.PNG,low_light,,,1.740325689315796,138.4089,,
LowLight_CLAHE,img_153.PNG,low_light,,,4.173766613006592,218.9515,,
LowLight_CLAHE,img_154.PNG,low_light,,,2.580152988433838,228.3267,,
LowLight_CLAHE,img_155.PNG,low_light,,,1.1460031270980835,52.5226,,
LowLight_CLAHE,img_156.PNG,low_light,,,3.393899917602539,235.3074,,
LowLight_CLAHE,img_157.PNG,low_light,,,1.3638856410980225,86.7877,,
LowLight_CLAHE,img_158.PNG,low_light,,,1.9350261688232422,224.7084,,
LowLight_CLAHE,img_159.PNG,low_light,,,1.5290926694869995,170.2846,,
LowLight_CLAHE,img_160.PNG,low_light,,,2.0822396278381348,99.7359,,
LowLight_CLAHE,img_161.PNG,low_light,,,1.8244856595993042,215.5048,,
LowLight_CLAHE,img_162.PNG,low_light,,,0.5516549944877625,63.6796,,
LowLight_CLAHE,img_163.PNG,low_light,,,2.3656411170959473,157.454,,
LowLight_CLAHE,img_164.PNG,low_light,,,2.126338005065918,177.4885,,
LowLight_CLAHE,img_165.PNG,low_light,,,3.0938327312469482,174.0074,,
LowLight_CLAHE,img_166.PNG,low_light,,,2.3697619438171387,193.7628,,
LowLight_CLAHE,img_167.PNG,low_light,,,3.4822707176208496,178.8432,,
LowLight_CLAHE,img_168.PNG,low_light,,,2.1316254138946533,186.5956,,
LowLight_CLAHE,img_169.PNG,low_light,,,2.8368008136749268,190.2323,,
LowLight_ZeroDCE,img_1.PNG,low_light,,,2.9277825355529785,313.7266,,
LowLight_ZeroDCE,img_2.PNG,low_light,,,3.091416835784912,406.0253,,
LowLight_ZeroDCE,img_3.PNG,low_light,,,4.000150680541992,269.7704,,
LowLight_ZeroDCE,img_4.PNG,low_light,,,4.03873872756958,320.8611,,
LowLight_ZeroDCE,img_5.PNG,low_light,,,3.4862935543060303,253.0496,,
LowLight_ZeroDCE,img_6.PNG,low_light,,,3.461209535598755,291.2333,,
LowLight_ZeroDCE,img_7.PNG,low_light,,,3.6186468601226807,236.6585,,
LowLight_ZeroDCE,img_8.PNG,low_light,,,3.7146964073181152,239.2441,,
LowLight_ZeroDCE,img_9.PNG,low_light,,,4.191916465759277,336.9626,,
LowLight_ZeroDCE,img_10.PNG,low_light,,,5.95615291595459,533.1373,,
LowLight_ZeroDCE,img_11.PNG,low_light,,,4.111785888671875,564.6151,,
LowLight_ZeroDCE,img_12.PNG,low_light,,,3.317944049835205,327.0064,,
LowLight_ZeroDCE,img_13.PNG,low_light,,,3.348522901535034,492.6294,,
LowLight_ZeroDCE,img_14.PNG,low_light,,,2.9450881481170654,485.085,,
LowLight_ZeroDCE,img_15.PNG,low_light,,,4.965792655944824,514.8725,,
LowLight_ZeroDCE,img_16.PNG,low_light,,,4.838815212249756,577.1475,,
LowLight_ZeroDCE,img_17.PNG,low_light,,,3.937227249145508,306.1384,,
LowLight_ZeroDCE,img_18.PNG,low_light,,,4.299408435821533,305.7786,,
LowLight_ZeroDCE,img_19.PNG,low_light,,,4.308927059173584,341.4666,,
LowLight_ZeroDCE,img_20.PNG,low_light,,,4.503933429718018,536.2744,,
LowLight_ZeroDCE,img_21.PNG,low_light,,,1.0417159795761108,265.3681,,
LowLight_ZeroDCE,img_22.PNG,low_light,,,1.2986159324645996,387.6473,,
LowLight_ZeroDCE,img_23.PNG,low_light,,,3.7190604209899902,313.8983,,
LowLight_ZeroDCE,img_24.PNG,low_light,,,3.3269906044006348,323.1301,,
LowLight_ZeroDCE,img_25.PNG,low_light,,,2.7009875774383545,282.6816,,
LowLight_ZeroDCE,img_26.PNG,low_light,,,2.205108880996704,309.4466,,
LowLight_ZeroDCE,img_27.PNG,low_light,,,2.3406825065612793,285.753,,
LowLight_ZeroDCE,img_28.PNG,low_light,,,1.8928637504577637,385.3721,,
LowLight_ZeroDCE,img_29.PNG,low_light,,,2.7934377193450928,356.5746,,
LowLight_ZeroDCE,img_30.PNG,low_light,,,2.5640523433685303,177.4144,,
LowLight_ZeroDCE,img_31.PNG,low_light,,,2.4244885444641113,202.4172,,
LowLight_ZeroDCE,img_32.PNG,low_light,,,3.6055431365966797,291.9349,,
LowLight_ZeroDCE,img_33.PNG,low_light,,,3.2235543727874756,282.7398,,
LowLight_ZeroDCE,img_34.PNG,low_light,,,2.3927884101867676,188.8601,,
LowLight_ZeroDCE,img_35.PNG,low_light,,,2.125706911087036,188.693,,
LowLight_ZeroDCE,img_36.PNG,low_light,,,1.131917953491211,238.955,,
LowLight_ZeroDCE,img_37.PNG,low_light,,,2.0251967906951904,328.0708,,
LowLight_ZeroDCE,img_38.PNG,low_light,,,2.848904609680176,337.3682,,
LowLight_ZeroDCE,img_39.PNG,low_light,,,2.6648409366607666,228.0079,,
LowLight_ZeroDCE,img_40.PNG,low_light,,,2.3660168647766113,230.4908,,
LowLight_ZeroDCE,img_41.PNG,low_light,,,2.290008544921875,190.6354,,
LowLight_ZeroDCE,img_42.PNG,low_light,,,2.228546142578125,206.9599,,
LowLight_ZeroDCE,img_43.PNG,low_light,,,2.326582908630371,184.4897,,
LowLight_ZeroDCE,img_44.PNG,low_light,,,2.2621042728424072,166.2288,,
LowLight_ZeroDCE,img_45.PNG,low_light,,,2.36057448387146,160.5563,,
LowLight_ZeroDCE,img_46.PNG,low_light,,,2.97322940826416,232.4682,,
LowLight_ZeroDCE,img_47.PNG,low_light,,,3.6174089908599854,318.7413,,
LowLight_ZeroDCE,img_48.PNG,low_light,,,3.1715197563171387,478.8982,,
LowLight_ZeroDCE,img_49.PNG,low_light,,,2.196718692779541,160.8122,,
LowLight_ZeroDCE,img_50.PNG,low_light,,,1.8574395179748535,134.5926,,
LowLight_ZeroDCE,img_51.PNG,low_light,,,2.8246350288391113,203.5512,,
LowLight_ZeroDCE,img_52.PNG,low_light,,,2.7583515644073486,271.5266,,
LowLight_ZeroDCE,img_53.PNG,low_light,,,3.1558339595794678,489.1659,,
LowLight_ZeroDCE,img_54.PNG,low_light,,,2.301272392272949,291.547,,
LowLight_ZeroDCE,img_55.PNG,low_light,,,4.291910171508789,427.8714,,
LowLight_ZeroDCE,img_56.PNG,low_light,,,3.7381372451782227,338.1937,,
LowLight_ZeroDCE,img_57.PNG,low_light,,,3.0611257553100586,454.0861,,
LowLight_ZeroDCE,img_58.PNG,low_light,,,2.251913547515869,526.8809,,
LowLight_ZeroDCE,img_59.PNG,low_light,,,1.8987349271774292,918.4934,,
LowLight_ZeroDCE,img_60.PNG,low_light,,,1.235121250152588,1111.9642,,
LowLight_ZeroDCE,img_61.PNG,low_light,,,3.8272488117218018,545.4454,,
LowLight_ZeroDCE,img_62.PNG,low_light,,,4.700445652008057,420.062,,
LowLight_ZeroDCE,img_63.PNG,low_light,,,5.017771244049072,681.9181,,
LowLight_ZeroDCE,img_64.PNG,low_light,,,3.9966516494750977,386.43,,
LowLight_ZeroDCE,img_65.PNG,low_light,,,3.3164806365966797,280.4041,,
LowLight_ZeroDCE,img_66.PNG,low_light,,,2.7427492141723633,373.5088,,
LowLight_ZeroDCE,img_67.PNG,low_light,,,2.6109232902526855,931.1359,,
LowLight_ZeroDCE,img_68.PNG,low_light,,,4.542499542236328,509.2894,,
LowLight_ZeroDCE,img_69.PNG,low_light,,,4.156846523284912,435.89,,
LowLight_ZeroDCE,img_70.PNG,low_light,,,4.5650529861450195,248.1596,,
LowLight_ZeroDCE,img_71.PNG,low_light,,,2.2710745334625244,347.4836,,
LowLight_ZeroDCE,img_72.PNG,low_light,,,2.094985246658325,353.1682,,
LowLight_ZeroDCE,img_73.PNG,low_light,,,1.4927818775177002,474.1751,,
LowLight_ZeroDCE,img_74.PNG,low_light,,,0.988418459892273,264.0377,,
LowLight_ZeroDCE,img_75.PNG,low_light,,,1.133078694343567,204.3235,,
LowLight_ZeroDCE,img_76.PNG,low_light,,,1.892357587814331,349.6262,,
LowLight_ZeroDCE,img_77.PNG,low_light,,,3.6941020488739014,462.2112,,
LowLight_ZeroDCE,img_78.PNG,low_light,,,3.103459358215332,459.6952,,
LowLight_ZeroDCE,img_79.PNG,low_light,,,3.2308712005615234,414.4336,,
LowLight_ZeroDCE,img_80.PNG,low_light,,,2.1178245544433594,175.975,,
LowLight_ZeroDCE,img_81.PNG,low_light,,,2.2528603076934814,206.6836,,
LowLight_ZeroDCE,img_82.PNG,low_light,,,2.632704257965088,166.6724,,
LowLight_ZeroDCE,img_83.PNG,low_light,,,2.4584481716156006,160.1754,,
LowLight_ZeroDCE,img_84.PNG,low_light,,,2.3640201091766357,253.2908,,
LowLight_ZeroDCE,img_85.PNG,low_light,,,3.305515766143799,240.5445,,
LowLight_ZeroDCE,img_86.PNG,low_light,,,3.659541606903076,265.6198,,
LowLight_ZeroDCE,img_87.PNG,low_light,,,3.7142393589019775,290.4838,,
LowLight_ZeroDCE,img_88.PNG,low_light,,,2.8015551567077637,239.7961,,
LowLight_ZeroDCE,img_89.PNG,low_light,,,2.0570778846740723,188.6234,,
LowLight_ZeroDCE,img_90.PNG,low_light,,,1.843056082725525,206.6732,,
LowLight_ZeroDCE,img_91.PNG,low_light,,,2.2284326553344727,202.9436,,
LowLight_ZeroDCE,img_92.PNG,low_light,,,2.0494236946105957,226.3235,,
LowLight_ZeroDCE,img_93.PNG,low_light,,,3.2915310859680176,276.0591,,
LowLight_ZeroDCE,img_94.PNG,low_light,,,3.111997604370117,339.4525,,
LowLight_ZeroDCE,img_95.PNG,low_light,,,3.126898765563965,239.2846,,
LowLight_ZeroDCE,img_96.PNG,low_light,,,3.2729880809783936,274.6924,,
LowLight_ZeroDCE,img_97.PNG,low_light,,,3.017425537109375,244.0732,,
LowLight_ZeroDCE,img_98.PNG,low_light,,,2.9587090015411377,212.787,,
LowLight_ZeroDCE,img_99.PNG,low_light,,,3.1717493534088135,243.5461,,
LowLight_ZeroDCE,img_100.PNG,low_light,,,2.693060874938965,160.8971,,
LowLight_ZeroDCE,img_101.PNG,low_light,,,3.2021541595458984,260.8438,,
LowLight_ZeroDCE,img_102.PNG,low_light,,,3.13118052482605,234.5384,,
LowLight_ZeroDCE,img_103.PNG,low_light,,,2.8386106491088867,226.9344,,
LowLight_ZeroDCE,img_104.PNG,low_light,,,2.865703582763672,204.9197,,
LowLight_ZeroDCE,img_105.PNG,low_light,,,3.3645663261413574,220.8099,,
LowLight_ZeroDCE,img_106.PNG,low_light,,,2.979214668273926,264.774,,
LowLight_ZeroDCE,img_107.PNG,low_light,,,2.9125466346740723,232.2241,,
LowLight_ZeroDCE,img_108.PNG,low_light,,,3.387928009033203,245.727,,
LowLight_ZeroDCE,img_109.PNG,low_light,,,3.0414299964904785,238.6884,,
LowLight_ZeroDCE,img_110.PNG,low_light,,,2.7071850299835205,160.4149,,
LowLight_ZeroDCE,img_111.PNG,low_light,,,2.9345483779907227,241.2537,,
LowLight_ZeroDCE,img_112.PNG,low_light,,,2.1211471557617188,193.3821,,
LowLight_ZeroDCE,img_113.PNG,low_light,,,2.519798517227173,166.3823,,
LowLight_ZeroDCE,img_114.PNG,low_light,,,2.9502615928649902,210.499,,
LowLight_ZeroDCE,img_115.PNG,low_light,,,3.3382182121276855,311.2285,,
LowLight_ZeroDCE,img_116.PNG,low_light,,,3.5361695289611816,291.3412,,
LowLight_ZeroDCE,img_117.PNG,low_light,,,3.503206729888916,307.6095,,
LowLight_ZeroDCE,img_118.PNG,low_light,,,4.28139591217041,352.2728,,
LowLight_ZeroDCE,img_119.PNG,low_light,,,3.2688469886779785,237.5372,,
LowLight_ZeroDCE,img_120.PNG,low_light,,,1.9183192253112793,265.8031,,
LowLight_ZeroDCE,img_121.PNG,low_light,,,3.2853503227233887,215.5014,,
LowLight_ZeroDCE,img_122.PNG,low_light,,,2.799872636795044,208.5449,,
LowLight_ZeroDCE,img_123.PNG,low_light,,,1.9975813627243042,158.8536,,
LowLight_ZeroDCE,img_124.PNG,low_light,,,3.43386173248291,288.6785,,
LowLight_ZeroDCE,img_125.PNG,low_light,,,3.566807985305786,327.2649,,
LowLight_ZeroDCE,img_126.PNG,low_light,,,4.002776145935059,428.0999,,
LowLight_ZeroDCE,img_127.PNG,low_light,,,2.9001872539520264,366.3852,,
LowLight_ZeroDCE,img_128.PNG,low_light,,,2.583178997039795,217.4956,,
LowLight_ZeroDCE,img_129.PNG,low_light,,,2.8721237182617188,294.7414,,
LowLight_ZeroDCE,img_130.PNG,low_light,,,1.5507344007492065,229.7496,,
LowLight_ZeroDCE,img_131.PNG,low_light,,,1.0247488021850586,125.4494,,
LowLight_ZeroDCE,img_132.PNG,low_light,,,1.8340336084365845,224.0408,,
LowLight_ZeroDCE,img_133.PNG,low_light,,,2.8545005321502686,252.3027,,
LowLight_ZeroDCE,img_134.PNG,low_light,,,3.789288282394409,227.9784,,
LowLight_ZeroDCE,img_135.PNG,low_light,,,3.6298065185546875,234.4458,,
LowLight_ZeroDCE,img_136.PNG,low_light,,,1.8059158325195312,263.4482,,
LowLight_ZeroDCE,img_137.PNG,low_light,,,3.4432742595672607,242.2276,,
LowLight_ZeroDCE,img_138.PNG,low_light,,,2.2273430824279785,248.1796,,
LowLight_ZeroDCE,img_139.PNG,low_light,,,0.6740187406539917,140.1048,,
LowLight_ZeroDCE,img_140.PNG,low_light,,,1.8913131952285767,292.2146,,
LowLight_ZeroDCE,img_141.PNG,low_light,,,2.434915542602539,380.9653,,
LowLight_ZeroDCE,img_142.PNG,low_light,,,3.6248443126678467,335.9121,,
LowLight_ZeroDCE,img_143.PNG,low_light,,,3.6256766319274902,323.7167,,
LowLight_ZeroDCE,img_144.PNG,low_light,,,3.7626419067382812,318.3902,,
LowLight_ZeroDCE,img_145.PNG,low_light,,,3.7443535327911377,326.293,,
LowLight_ZeroDCE,img_146.PNG,low_light,,,3.770270347595215,322.6726,,
LowLight_ZeroDCE,img_147.PNG,low_light,,,4.084675312042236,296.7488,,
LowLight_ZeroDCE,img_148.PNG,low_light,,,3.974621534347534,320.3618,,
LowLight_ZeroDCE,img_149.PNG,low_light,,,2.8464505672454834,335.4786,,
LowLight_ZeroDCE,img_150.PNG,low_light,,,2.485569953918457,198.067,,
LowLight_ZeroDCE,img_151.PNG,low_light,,,1.4863274097442627,234.1178,,
LowLight_ZeroDCE,img_152.PNG,low_light,,,2.2367501258850098,214.9634,,
LowLight_ZeroDCE,img_153.PNG,low_light,,,4.402803421020508,326.1757,,
LowLight_ZeroDCE,img_154.PNG,low_light,,,3.2056660652160645,268.3103,,
LowLight_ZeroDCE,img_155.PNG,low_light,,,1.402357578277588,205.2484,,
LowLight_ZeroDCE,img_156.PNG,low_light,,,3.748850107192993,243.0804,,
LowLight_ZeroDCE,img_157.PNG,low_light,,,1.7104487419128418,179.5739,,
LowLight_ZeroDCE,img_158.PNG,low_light,,,2.4361824989318848,226.0404,,
LowLight_ZeroDCE,img_159.PNG,low_light,,,1.8231688737869263,246.0962,,
LowLight_ZeroDCE,img_160.PNG,low_light,,,2.2124154567718506,174.1704,,
LowLight_ZeroDCE,img_161.PNG,low_light,,,2.1242589950561523,240.9663,,
LowLight_ZeroDCE,img_162.PNG,low_light,,,0.7375529408454895,229.4815,,
LowLight_ZeroDCE,img_163.PNG,low_light,,,2.798351526260376,242.629,,
LowLight_ZeroDCE,img_164.PNG,low_light,,,2.6568098068237305,234.9,,
LowLight_ZeroDCE,img_165.PNG,low_light,,,3.585606098175049,307.1028,,
LowLight_ZeroDCE,img_166.PNG,low_light,,,2.8411097526550293,308.0105,,
LowLight_ZeroDCE,img_167.PNG,low_light,,,3.7917041778564453,353.1219,,
LowLight_ZeroDCE,img_168.PNG,low_light,,,2.6043574810028076,274.9303,,
LowLight_ZeroDCE,img_169.PNG,low_light,,,3.093928813934326,216.2445,,
CLAHE_Wiener,img_1.PNG,shake,,,,,569.5756645736972,13.616685012124677
CLAHE_Wiener,img_2.PNG,shake,,,,,980.8545245302444,25.270828935822646
CLAHE_Wiener,img_3.PNG,shake,,,,,919.5443811142144,22.302702777827413
CLAHE_Wiener,img_4.PNG,shake,,,,,1164.5752925840957,27.90183684516549
CLAHE_Wiener,img_5.PNG,shake,,,,,1073.9468153194784,27.05275245792543
CLAHE_Wiener,img_6.PNG,shake,,,,,824.541015431027,24.455963986318974
CLAHE_Wiener,img_7.PNG,shake,,,,,1116.3641334938245,32.13925693228187
CLAHE_Wiener,img_8.PNG,shake,,,,,1246.6414926002933,33.2049752253773
CLAHE_Wiener,img_9.PNG,shake,,,,,1320.5425343688958,36.03831188041569
CLAHE_Wiener,img_10.PNG,shake,,,,,1580.9863193635074,39.05012803713991
CLAHE_Wiener,img_11.PNG,shake,,,,,1276.6800838763154,33.42341309053068
CLAHE_Wiener,img_12.PNG,shake,,,,,2176.613332285237,40.82835697319244
CLAHE_Wiener,img_13.PNG,shake,,,,,787.1886279731926,21.594612227784157
CLAHE_Wiener,img_14.PNG,shake,,,,,832.8311694279815,22.72750849715971
CLAHE_Wiener,img_15.PNG,shake,,,,,1281.7293261997386,35.3282402797959
CLAHE_Wiener,img_16.PNG,shake,,,,,1712.3206356233572,43.597833805584
CLAHE_Wiener,img_17.PNG,shake,,,,,885.6942893707079,22.05543346459096
CLAHE_Wiener,img_18.PNG,shake,,,,,1195.1319310803235,28.866036966755054
CLAHE_Wiener,img_19.PNG,shake,,,,,946.1486411643356,25.498214743941045
CLAHE_Wiener,img_20.PNG,shake,,,,,1127.30522545716,24.66255595558641
CLAHE_Wiener,img_21.PNG,shake,,,,,178.78086366961332,6.868571272228754
CLAHE_Wiener,img_22.PNG,shake,,,,,208.0264976398006,8.238301369314733
CLAHE_Wiener,img_23.PNG,shake,,,,,1015.8554369246913,25.311743223612673
CLAHE_Wiener,img_24.PNG,shake,,,,,876.6453992815663,22.256346524588068
CLAHE_Wiener,img_25.PNG,shake,,,,,538.1451004429839,13.873191678398184
CLAHE_Wiener,img_26.PNG,shake,,,,,700.313489368949,14.478900258066341
CLAHE_Wiener,img_27.PNG,shake,,,,,521.60476066123,12.304095751886399
CLAHE_Wiener,img_28.PNG,shake,,,,,695.5951341843838,14.93055352199252
CLAHE_Wiener,img_29.PNG,shake,,,,,730.7319928642057,18.117993367487365
CLAHE_Wiener,img_30.PNG,shake,,,,,441.64111521775726,10.390760485856715
CLAHE_Wiener,img_31.PNG,shake,,,,,449.3068543529513,10.52514600258564
CLAHE_Wiener,img_32.PNG,shake,,,,,862.5324436182034,22.348794303445267
CLAHE_Wiener,img_33.PNG,shake,,,,,817.3750466787651,20.00645595630696
CLAHE_Wiener,img_34.PNG,shake,,,,,345.09287707591415,9.25894857625181
CLAHE_Wiener,img_35.PNG,shake,,,,,289.7217823131704,7.838536711972764
CLAHE_Wiener,img_36.PNG,shake,,,,,302.0979345166438,10.987049970753242
CLAHE_Wiener,img_37.PNG,shake,,,,,453.7401361074823,14.78451865407715
CLAHE_Wiener,img_38.PNG,shake,,,,,693.2214604904487,19.773813660997558
CLAHE_Wiener,img_39.PNG,shake,,,,,552.5117299247344,14.73547007651989
CLAHE_Wiener,img_40.PNG,shake,,,,,459.76390493058904,12.79077340421434
CLAHE_Wiener,img_41.PNG,shake,,,,,481.6386164775543,12.972570752605089
CLAHE_Wiener,img_42.PNG,shake,,,,,472.3364905811137,11.83888108388774
CLAHE_Wiener,img_43.PNG,shake,,,,,429.17939121084345,12.241888791154187
CLAHE_Wiener,img_44.PNG,shake,,,,,427.2040011031231,12.444594617433012
CLAHE_Wiener,img_45.PNG,shake,,,,,483.70101036428423,12.964686289300408
CLAHE_Wiener,img_46.PNG,shake,,,,,619.1266548686302,15.861256312150443
CLAHE_Wiener,img_47.PNG,shake,,,,,976.1167563223205,23.485779280037438
CLAHE_Wiener,img_48.PNG,shake,,,,,894.3597390266706,20.57683845587219
CLAHE_Wiener,img_49.PNG,shake,,,,,457.6481238153772,11.724766570146125
CLAHE_Wiener,img_50.PNG,shake,,,,,383.2248049508204,10.636243971814913
CLAHE_Wiener,img_51.PNG,shake,,,,,648.4968273679194,18.113631842759027
CLAHE_Wiener,img_52.PNG,shake,,,,,529.1497188021868,13.929006252436574
CLAHE_Wiener,img_53.PNG,shake,,,,,1257.7800025251363,33.85203178138945
CLAHE_Wiener,img_54.PNG,shake,,,,,491.93963021760857,13.256804954952974
CLAHE_Wiener,img_55.PNG,shake,,,,,2029.2000823237013,39.844176521753724
CLAHE_Wiener,img_56.PNG,shake,,,,,1075.1489456647262,20.614435310683113
CLAHE_Wiener,img_57.PNG,shake,,,,,781.9673857741171,16.567934660400766
CLAHE_Wiener,img_58.PNG,shake,,,,,1263.8342292004227,22.61281617927887
CLAHE_Wiener,img_59.PNG,shake,,,,,1404.8169276954914,25.657604992311242
CLAHE_Wiener,img_60.PNG,shake,,,,,924.818278664341,19.335161127027515
CLAHE_Wiener,img_61.PNG,shake,,,,,1924.2574137962542,33.55101615295993
CLAHE_Wiener,img_62.PNG,shake,,,,,2209.241750554477,42.43085894045405
CLAHE_Wiener,img_63.PNG,shake,,,,,3212.5537139176463,58.29211006778184
CLAHE_Wiener,img_64.PNG,shake,,,,,1475.6519480166016,28.90309781541575
CLAHE_Wiener,img_65.PNG,shake,,,,,845.8472849192933,16.792635070452494
CLAHE_Wiener,img_66.PNG,shake,,,,,947.6224268602589,18.601969148978444
CLAHE_Wiener,img_67.PNG,shake,,,,,2161.3753937632364,30.95579263277972
CLAHE_Wiener,img_68.PNG,shake,,,,,2635.871345088085,38.823879999253826
CLAHE_Wiener,img_69.PNG,shake,,,,,2152.7959899615084,37.967267518346034
CLAHE_Wiener,img_70.PNG,shake,,,,,1540.4825089224767,29.554712185717978
CLAHE_Wiener,img_71.PNG,shake,,,,,731.218494017057,14.478432355524568
CLAHE_Wiener,img_72.PNG,shake,,,,,735.4125612222406,15.381804086641619
CLAHE_Wiener,img_73.PNG,shake,,,,,531.9196871623445,13.422920217644641
CLAHE_Wiener,img_74.PNG,shake,,,,,557.5714393108935,11.998821686591903
CLAHE_Wiener,img_75.PNG,shake,,,,,412.4341467036287,9.861721151711306
CLAHE_Wiener,img_76.PNG,shake,,,,,728.7895578048436,16.084597841171934
CLAHE_Wiener,img_77.PNG,shake,,,,,1217.1542687111516,23.5451498590265
CLAHE_Wiener,img_78.PNG,shake,,,,,999.9495394316748,18.72608070360612
CLAHE_Wiener,img_79.PNG,shake,,,,,869.716928809866,17.38926188390012
CLAHE_Wiener,img_80.PNG,shake,,,,,378.68096522932234,8.840845771174926
CLAHE_Wiener,img_81.PNG,shake,,,,,437.8048632394142,10.040065467733879
CLAHE_Wiener,img_82.PNG,shake,,,,,428.3752974789544,9.97115903301974
CLAHE_Wiener,img_83.PNG,shake,,,,,403.457664992097,10.047342530011116
CLAHE_Wiener,img_84.PNG,shake,,,,,566.7977417235628,13.785329714220534
CLAHE_Wiener,img_85.PNG,shake,,,,,864.2953043444783,20.19270818729203
CLAHE_Wiener,img_86.PNG,shake,,,,,1005.0712476761302,24.0152614544242
CLAHE_Wiener,img_87.PNG,shake,,,,,898.260528043842,19.75040686918971
CLAHE_Wiener,img_88.PNG,shake,,,,,770.5526053660577,15.399715057781851
CLAHE_Wiener,img_89.PNG,shake,,,,,388.0113331718553,9.393932578710727
CLAHE_Wiener,img_90.PNG,shake,,,,,377.1814436698675,9.350038818095095
CLAHE_Wiener,img_91.PNG,shake,,,,,408.93019279905207,11.087260552904779
CLAHE_Wiener,img_92.PNG,shake,,,,,388.49460789682337,10.275068705668316
CLAHE_Wiener,img_93.PNG,shake,,,,,675.2989093424,18.024857481186167
CLAHE_Wiener,img_94.PNG,shake,,,,,678.825861434419,17.983288038735175
CLAHE_Wiener,img_95.PNG,shake,,,,,556.3942025935324,13.544632516934616
CLAHE_Wiener,img_96.PNG,shake,,,,,782.9408691354804,17.904433831075437
CLAHE_Wiener,img_97.PNG,shake,,,,,753.8122624868749,14.783502606258185
CLAHE_Wiener,img_98.PNG,shake,,,,,585.3835464096026,13.74135629015631
CLAHE_Wiener,img_99.PNG,shake,,,,,641.3612083577613,15.220895483713068
CLAHE_Wiener,img_100.PNG,shake,,,,,479.28506612910667,10.821052866543251
CLAHE_Wiener,img_101.PNG,shake,,,,,815.5497536009537,18.11837051769322
CLAHE_Wiener,img_102.PNG,shake,,,,,780.7811845534333,17.158536779850774
CLAHE_Wiener,img_103.PNG,shake,,,,,845.2611307644365,17.023172071417836
CLAHE_Wiener,img_104.PNG,shake,,,,,560.4331598320097,13.655006591600404
CLAHE_Wiener,img_105.PNG,shake,,,,,686.5792951140472,15.768351031981108
CLAHE_Wiener,img_106.PNG,shake,,,,,826.7783112455191,18.200909931565487
CLAHE_Wiener,img_107.PNG,shake,,,,,610.1788342026197,14.322272728852322
CLAHE_Wiener,img_108.PNG,shake,,,,,731.2819461248756,15.689578729986419
CLAHE_Wiener,img_109.PNG,shake,,,,,685.7343424684245,14.583704106572018
CLAHE_Wiener,img_110.PNG,shake,,,,,433.56713342061903,10.173433533802104
CLAHE_Wiener,img_111.PNG,shake,,,,,800.9857578948794,16.102460217047135
CLAHE_Wiener,img_112.PNG,shake,,,,,431.8456884233795,10.593394951344289
CLAHE_Wiener,img_113.PNG,shake,,,,,490.44901685882286,11.663683238082532
CLAHE_Wiener,img_114.PNG,shake,,,,,635.8460523978142,13.045089700198357
CLAHE_Wiener,img_115.PNG,shake,,,,,841.1959541002309,18.74135809493483
CLAHE_Wiener,img_116.PNG,shake,,,,,933.9671572825725,21.46360033262364
CLAHE_Wiener,img_117.PNG,shake,,,,,764.5046437267118,19.391503352482225
CLAHE_Wiener,img_118.PNG,shake,,,,,1061.10652233102,25.575229938741277
CLAHE_Wiener,img_119.PNG,shake,,,,,669.283220839458,17.851058721648887
CLAHE_Wiener,img_120.PNG,shake,,,,,483.58606606311224,12.68314825877325
CLAHE_Wiener,img_121.PNG,shake,,,,,761.6588656710463,15.696345328995246
CLAHE_Wiener,img_122.PNG,shake,,,,,557.893897633099,13.268092046263654
CLAHE_Wiener,img_123.PNG,shake,,,,,378.0751052041037,9.669093586059702
CLAHE_Wiener,img_124.PNG,shake,,,,,1189.1918425317785,28.126803321455398
CLAHE_Wiener,img_125.PNG,shake,,,,,788.6377413487744,20.631553585496157
CLAHE_Wiener,img_126.PNG,shake,,,,,1047.1601690372183,23.45548866186993
CLAHE_Wiener,img_127.PNG,shake,,,,,980.1071593105164,19.13480387949133
CLAHE_Wiener,img_128.PNG,shake,,,,,467.56539464032045,12.35101059864482
CLAHE_Wiener,img_129.PNG,shake,,,,,549.8775419521262,14.092655441347848
CLAHE_Wiener,img_130.PNG,shake,,,,,321.4926627504017,8.254153392690947
CLAHE_Wiener,img_131.PNG,shake,,,,,208.50904519744057,7.275986752093971
CLAHE_Wiener,img_132.PNG,shake,,,,,352.32811798629353,8.683927117689747
CLAHE_Wiener,img_133.PNG,shake,,,,,584.2984247737215,15.845197811418915
CLAHE_Wiener,img_134.PNG,shake,,,,,761.7015805680038,20.18809048672996
CLAHE_Wiener,img_135.PNG,shake,,,,,716.4924824112842,19.693490601357176
CLAHE_Wiener,img_136.PNG,shake,,,,,397.2738363216596,11.754317256367774
CLAHE_Wiener,img_137.PNG,shake,,,,,684.0307812691572,17.435642955644745
CLAHE_Wiener,img_138.PNG,shake,,,,,447.70300320860434,11.866326222447196
CLAHE_Wiener,img_139.PNG,shake,,,,,146.3166957723644,3.6401990204123975
CLAHE_Wiener,img_140.PNG,shake,,,,,395.80147467527814,9.85802253153714
CLAHE_Wiener,img_141.PNG,shake,,,,,440.50957411495403,13.603947242332326
CLAHE_Wiener,img_142.PNG,shake,,,,,1100.937827220446,30.988451057982264
CLAHE_Wiener,img_143.PNG,shake,,,,,905.7938102502897,26.712509267509134
CLAHE_Wiener,img_144.PNG,shake,,,,,1205.053025999476,32.411038113140876
CLAHE_Wiener,img_145.PNG,shake,,,,,1265.0368889952888,33.333673088536756
CLAHE_Wiener,img_146.PNG,shake,,,,,1303.298758432757,33.81966790938987
CLAHE_Wiener,img_147.PNG,shake,,,,,1225.5349037104843,33.16281613223092
CLAHE_Wiener,img_148.PNG,shake,,,,,1210.352567611816,33.26929423935232
CLAHE_Wiener,img_149.PNG,shake,,,,,1009.6761106358838,25.639478938953243
CLAHE_Wiener,img_150.PNG,shake,,,,,490.2060088088265,11.725068792334456
CLAHE_Wiener,img_151.PNG,shake,,,,,304.19633009513313,8.06743069221109
CLAHE_Wiener,img_152.PNG,shake,,,,,545.8524714894156,13.173909456499038
CLAHE_Wiener,img_153.PNG,shake,,,,,1247.3713359561216,35.167923532819906
CLAHE_Wiener,img_154.PNG,shake,,,,,798.0477901811505,19.26282965018167
CLAHE_Wiener,img_155.PNG,shake,,,,,407.9355919539534,11.506499164041228
CLAHE_Wiener,img_156.PNG,shake,,,,,807.222070161311,19.363001728539896
CLAHE_Wiener,img_157.PNG,shake,,,,,325.20394828516527,9.39813216887692
CLAHE_Wiener,img_158.PNG,shake,,,,,480.8834454068741,11.07936771568886
CLAHE_Wiener,img_159.PNG,shake,,,,,855.2953684101661,17.743946480193575
CLAHE_Wiener,img_160.PNG,shake,,,,,522.5125264927403,15.957007350366498
CLAHE_Wiener,img_161.PNG,shake,,,,,559.3287949537479,13.923267531336549
CLAHE_Wiener,img_162.PNG,shake,,,,,185.84480843925206,5.143061812072593
CLAHE_Wiener,img_163.PNG,shake,,,,,500.9195153088197,13.111057324511748
CLAHE_Wiener,img_164.PNG,shake,,,,,537.6509189274774,12.833424999970243
CLAHE_Wiener,img_165.PNG,shake,,,,,841.895297584472,20.58766234492451
CLAHE_Wiener,img_166.PNG,shake,,,,,656.8995864666011,16.86646711093557
CLAHE_Wiener,img_167.PNG,shake,,,,,949.1352189601766,21.57818403326875
CLAHE_Wiener,img_168.PNG,shake,,,,,583.909632321475,14.691966538274864
CLAHE_Wiener,img_169.PNG,shake,,,,,573.81352813964,14.528618819770626
CLAHE_NAFNet,img_1.PNG,shake,,,,,5.395804404205039,3.185111318437588
CLAHE_NAFNet,img_2.PNG,shake,,,,,30.23311842556546,7.169088580051998
CLAHE_NAFNet,img_3.PNG,shake,,,,,11.784767188191951,6.105835768680155
CLAHE_NAFNet,img_4.PNG,shake,,,,,22.734448936899422,7.427996493073152
CLAHE_NAFNet,img_5.PNG,shake,,,,,36.07875384753634,9.159862456735674
CLAHE_NAFNet,img_6.PNG,shake,,,,,23.37926868421708,7.4258182531713235
CLAHE_NAFNet,img_7.PNG,shake,,,,,25.516539943996953,9.646376542076197
CLAHE_NAFNet,img_8.PNG,shake,,,,,27.31540643357588,8.903913441887278
CLAHE_NAFNet,img_9.PNG,shake,,,,,28.6176254773475,10.70135098652399
CLAHE_NAFNet,img_10.PNG,shake,,,,,28.659381554854225,10.313114466867821
CLAHE_NAFNet,img_11.PNG,shake,,,,,22.579700716569697,8.423626103136726
CLAHE_NAFNet,img_12.PNG,shake,,,,,67.93951982172862,12.331436029279848
CLAHE_NAFNet,img_13.PNG,shake,,,,,14.917071177373193,5.644889383262822
CLAHE_NAFNet,img_14.PNG,shake,,,,,13.115215914644674,5.470636666652923
CLAHE_NAFNet,img_15.PNG,shake,,,,,26.900678731750002,10.95692293328708
CLAHE_NAFNet,img_16.PNG,shake,,,,,41.47757012504913,11.83732335273219
CLAHE_NAFNet,img_17.PNG,shake,,,,,17.344736807597602,5.80655378634339
CLAHE_NAFNet,img_18.PNG,shake,,,,,35.68795876798553,8.249479442639478
CLAHE_NAFNet,img_19.PNG,shake,,,,,23.990889386054555,8.859912815861048
CLAHE_NAFNet,img_20.PNG,shake,,,,,15.465239935454882,5.578201032526621
CLAHE_NAFNet,img_21.PNG,shake,,,,,6.199965950287927,2.245769393763201
CLAHE_NAFNet,img_22.PNG,shake,,,,,8.141038921322515,2.7803025372632244
CLAHE_NAFNet,img_23.PNG,shake,,,,,23.921106997511515,7.276498285834395
CLAHE_NAFNet,img_24.PNG,shake,,,,,19.016250022575367,6.770361493997921
CLAHE_NAFNet,img_25.PNG,shake,,,,,5.789037711218065,3.2455711183051648
CLAHE_NAFNet,img_26.PNG,shake,,,,,4.602076870211672,2.2223109288661718
CLAHE_NAFNet,img_27.PNG,shake,,,,,7.031270541702285,2.656694119930049
CLAHE_NAFNet,img_28.PNG,shake,,,,,14.673429122311042,3.5513689779281603
CLAHE_NAFNet,img_29.PNG,shake,,,,,21.015347453692513,5.497401189943975
CLAHE_NAFNet,img_30.PNG,shake,,,,,1.776111721279824,2.1937306790035853
CLAHE_NAFNet,img_31.PNG,shake,,,,,2.336393386881926,2.2549117865773693
CLAHE_NAFNet,img_32.PNG,shake,,,,,19.296709897205314,6.114007951891338
CLAHE_NAFNet,img_33.PNG,shake,,,,,19.59505997902702,5.801263371346585
CLAHE_NAFNet,img_34.PNG,shake,,,,,3.213144233788993,1.9353764394211652
CLAHE_NAFNet,img_35.PNG,shake,,,,,3.101497628133451,1.614635950160218
CLAHE_NAFNet,img_36.PNG,shake,,,,,11.501096830547533,3.31465571595915
CLAHE_NAFNet,img_37.PNG,shake,,,,,12.348401683871268,4.361533283009695
CLAHE_NAFNet,img_38.PNG,shake,,,,,14.490983643669203,5.141807430750798
CLAHE_NAFNet,img_39.PNG,shake,,,,,4.922031642827196,3.4311188826809262
CLAHE_NAFNet,img_40.PNG,shake,,,,,4.72182609124716,3.1736159710646294
CLAHE_NAFNet,img_41.PNG,shake,,,,,6.550422898352094,2.9576063698837287
CLAHE_NAFNet,img_42.PNG,shake,,,,,6.503582435800002,2.8863033359222507
CLAHE_NAFNet,img_43.PNG,shake,,,,,7.5883757746315705,3.1496279716507183
CLAHE_NAFNet,img_44.PNG,shake,,,,,8.277297677908274,3.4239658875639423
CLAHE_NAFNet,img_45.PNG,shake,,,,,8.395656916896195,3.520360979422585
CLAHE_NAFNet,img_46.PNG,shake,,,,,8.04846745404251,4.16985030613254
CLAHE_NAFNet,img_47.PNG,shake,,,,,13.12289471451944,5.596590136385532
CLAHE_NAFNet,img_48.PNG,shake,,,,,12.106415973263664,5.501506772884994
CLAHE_NAFNet,img_49.PNG,shake,,,,,4.463202472027185,2.7084773047455006
CLAHE_NAFNet,img_50.PNG,shake,,,,,6.491928080403299,2.381956471433584
CLAHE_NAFNet,img_51.PNG,shake,,,,,20.20811480739409,6.36988349344048
CLAHE_NAFNet,img_52.PNG,shake,,,,,5.941681913177936,3.3361222516801248
CLAHE_NAFNet,img_53.PNG,shake,,,,,22.79630269249782,9.531724805298168
CLAHE_NAFNet,img_54.PNG,shake,,,,,4.403876170806341,3.075837913450851
CLAHE_NAFNet,img_55.PNG,shake,,,,,26.17409594597503,7.6932279357397055
CLAHE_NAFNet,img_56.PNG,shake,,,,,12.565632161712411,2.755104872526949
CLAHE_NAFNet,img_57.PNG,shake,,,,,12.248352382090147,2.431343091884902
CLAHE_NAFNet,img_58.PNG,shake,,,,,15.263663090542941,2.693358683484298
CLAHE_NAFNet,img_59.PNG,shake,,,,,17.76535176370435,2.9375137749182487
CLAHE_NAFNet,img_60.PNG,shake,,,,,22.66302378111943,3.2004356443967596
CLAHE_NAFNet,img_61.PNG,shake,,,,,22.368399686481307,4.966602241085795
CLAHE_NAFNet,img_62.PNG,shake,,,,,32.023744641980926,7.9042846414409125
CLAHE_NAFNet,img_63.PNG,shake,,,,,40.177702325867216,9.517096715121191
CLAHE_NAFNet,img_64.PNG,shake,,,,,12.846554954148614,3.7087687395558473
CLAHE_NAFNet,img_65.PNG,shake,,,,,6.137657375660793,1.5496776411003554
CLAHE_NAFNet,img_66.PNG,shake,,,,,9.269254027903418,1.8117753162618535
CLAHE_NAFNet,img_67.PNG,shake,,,,,49.18700532457536,6.4410519253117
CLAHE_NAFNet,img_68.PNG,shake,,,,,67.64690811876235,8.508093537255396
CLAHE_NAFNet,img_69.PNG,shake,,,,,35.90566576527039,6.355696242179111
CLAHE_NAFNet,img_70.PNG,shake,,,,,23.097935745673553,4.786770998197574
CLAHE_NAFNet,img_71.PNG,shake,,,,,3.3564884728001316,1.006871251374279
CLAHE_NAFNet,img_72.PNG,shake,,,,,2.9968106530467056,1.241624940029872
CLAHE_NAFNet,img_73.PNG,shake,,,,,6.14792414006459,2.0699644315074415
CLAHE_NAFNet,img_74.PNG,shake,,,,,9.418293467561025,2.35485664229868
CLAHE_NAFNet,img_75.PNG,shake,,,,,4.731417518456202,1.829302724383114
CLAHE_NAFNet,img_76.PNG,shake,,,,,8.87902286301411,2.5365125842378067
CLAHE_NAFNet,img_77.PNG,shake,,,,,11.801336472478573,3.2522780040999595
CLAHE_NAFNet,img_78.PNG,shake,,,,,3.8143637831831247,1.6276169871960553
CLAHE_NAFNet,img_79.PNG,shake,,,,,5.387628298722685,1.9445750367369325
CLAHE_NAFNet,img_80.PNG,shake,,,,,1.2122936617199565,1.0864804643787862
CLAHE_NAFNet,img_81.PNG,shake,,,,,2.573151952541295,1.462544981908632
CLAHE_NAFNet,img_82.PNG,shake,,,,,2.427370776437562,1.4915261871088552
CLAHE_NAFNet,img_83.PNG,shake,,,,,2.457889936677188,1.4968533198044045
CLAHE_NAFNet,img_84.PNG,shake,,,,,6.831725395049615,2.684549193831872
CLAHE_NAFNet,img_85.PNG,shake,,,,,10.793026906324426,4.491670514328241
CLAHE_NAFNet,img_86.PNG,shake,,,,,15.755397390017828,6.04385002492413
CLAHE_NAFNet,img_87.PNG,shake,,,,,7.898494467535989,4.4414862563256134
CLAHE_NAFNet,img_88.PNG,shake,,,,,4.8510523199338085,3.211280111042208
CLAHE_NAFNet,img_89.PNG,shake,,,,,1.9704522439220409,1.5012910644042319
CLAHE_NAFNet,img_90.PNG,shake,,,,,2.1092167543214035,1.4614361529686548
CLAHE_NAFNet,img_91.PNG,shake,,,,,4.777222783906133,2.470583933777173
CLAHE_NAFNet,img_92.PNG,shake,,,,,4.237922948566713,2.4155809561089674
CLAHE_NAFNet,img_93.PNG,shake,,,,,10.596029268136945,5.299213036839917
CLAHE_NAFNet,img_94.PNG,shake,,,,,8.766089081940788,5.319793618899582
CLAHE_NAFNet,img_95.PNG,shake,,,,,5.728238554867952,3.123899517733041
CLAHE_NAFNet,img_96.PNG,shake,,,,,8.956418885050562,4.843328930017144
CLAHE_NAFNet,img_97.PNG,shake,,,,,5.032993008530436,2.9897213117568087
CLAHE_NAFNet,img_98.PNG,shake,,,,,4.680567239835725,2.3751300996976137
CLAHE_NAFNet,img_99.PNG,shake,,,,,5.072702503455287,3.0025046382453153
CLAHE_NAFNet,img_100.PNG,shake,,,,,2.3665712329733957,1.748412763577501
CLAHE_NAFNet,img_101.PNG,shake,,,,,5.423055581237195,4.297818698294022
CLAHE_NAFNet,img_102.PNG,shake,,,,,4.403798721486804,3.554331329669855
CLAHE_NAFNet,img_103.PNG,shake,,,,,6.079048937561351,3.1893342023068776
CLAHE_NAFNet,img_104.PNG,shake,,,,,4.820869230051574,2.6053705244763186
CLAHE_NAFNet,img_105.PNG,shake,,,,,5.637800168636689,2.8454343490708727
CLAHE_NAFNet,img_106.PNG,shake,,,,,9.932153954684509,4.213794468144848
CLAHE_NAFNet,img_107.PNG,shake,,,,,4.105422762034908,2.952058997215312
CLAHE_NAFNet,img_108.PNG,shake,,,,,2.3025351353931485,2.8470911161599033
CLAHE_NAFNet,img_109.PNG,shake,,,,,2.5018034868961405,2.3097888078611217
CLAHE_NAFNet,img_110.PNG,shake,,,,,1.88297864948462,1.5407011191883524
CLAHE_NAFNet,img_111.PNG,shake,,,,,3.8642878681325983,3.1588379177693513
CLAHE_NAFNet,img_112.PNG,shake,,,,,3.475113962643869,2.1221587010306475
CLAHE_NAFNet,img_113.PNG,shake,,,,,4.45409952169653,2.1732480986403244
CLAHE_NAFNet,img_114.PNG,shake,,,,,3.801197132075131,2.894643026515619
CLAHE_NAFNet,img_115.PNG,shake,,,,,8.171293754327127,4.649358219724058
CLAHE_NAFNet,img_116.PNG,shake,,,,,10.988078892121354,5.082445956200989
CLAHE_NAFNet,img_117.PNG,shake,,,,,8.664001672571027,4.728861626310202
CLAHE_NAFNet,img_118.PNG,shake,,,,,12.412945204235227,6.561009911482697
CLAHE_NAFNet,img_119.PNG,shake,,,,,10.090829902054967,4.315646181923434
CLAHE_NAFNet,img_120.PNG,shake,,,,,8.144866304763442,2.7413105635638213
CLAHE_NAFNet,img_121.PNG,shake,,,,,2.693308232939782,2.96405543472226
CLAHE_NAFNet,img_122.PNG,shake,,,,,4.3470267863173815,2.120656750729961
CLAHE_NAFNet,img_123.PNG,shake,,,,,4.21752575069352,1.8318836983850242
CLAHE_NAFNet,img_124.PNG,shake,,,,,33.91325736361659,7.1789668123633925
CLAHE_NAFNet,img_125.PNG,shake,,,,,9.634323160444826,5.325155710403802
CLAHE_NAFNet,img_126.PNG,shake,,,,,11.258974718059205,5.139240852467244
CLAHE_NAFNet,img_127.PNG,shake,,,,,7.855002519580262,3.75091654941167
CLAHE_NAFNet,img_128.PNG,shake,,,,,5.928620969428756,2.717372092778377
CLAHE_NAFNet,img_129.PNG,shake,,,,,5.199251602134816,2.9012478528179306
CLAHE_NAFNet,img_130.PNG,shake,,,,,3.838825292805842,1.6118291028873744
CLAHE_NAFNet,img_131.PNG,shake,,,,,3.422470725331416,1.8249768995059246
CLAHE_NAFNet,img_132.PNG,shake,,,,,3.5000552896929715,1.5910545158045024
CLAHE_NAFNet,img_133.PNG,shake,,,,,10.179421641371423,3.905136325953352
CLAHE_NAFNet,img_134.PNG,shake,,,,,17.84747544957131,5.575639952146588
CLAHE_NAFNet,img_135.PNG,shake,,,,,16.560866050117646,5.61126158203838
CLAHE_NAFNet,img_136.PNG,shake,,,,,8.70051031585096,3.2901271735271718
CLAHE_NAFNet,img_137.PNG,shake,,,,,7.351626913037362,4.396883496567905
CLAHE_NAFNet,img_138.PNG,shake,,,,,2.7996390353753955,2.323933989650808
CLAHE_NAFNet,img_139.PNG,shake,,,,,1.1961662278716425,0.4929143429636261
CLAHE_NAFNet,img_140.PNG,shake,,,,,1.7877390509178828,1.6449134929937201
CLAHE_NAFNet,img_141.PNG,shake,,,,,8.716040865882169,4.3394272815678505
CLAHE_NAFNet,img_142.PNG,shake,,,,,36.00556438996241,8.84934158992758
CLAHE_NAFNet,img_143.PNG,shake,,,,,31.628939706137956,8.178696222115118
CLAHE_NAFNet,img_144.PNG,shake,,,,,37.839800432481525,8.933286730414796
CLAHE_NAFNet,img_145.PNG,shake,,,,,38.71137752347068,8.84081913065163
CLAHE_NAFNet,img_146.PNG,shake,,,,,37.77917356364843,8.672677657234312
CLAHE_NAFNet,img_147.PNG,shake,,,,,34.53377846698589,8.923196580188165
CLAHE_NAFNet,img_148.PNG,shake,,,,,35.662032989994735,9.250667372270108
CLAHE_NAFNet,img_149.PNG,shake,,,,,31.4699107770969,6.791030843408564
CLAHE_NAFNet,img_150.PNG,shake,,,,,4.45301950952664,2.176593158001714
CLAHE_NAFNet,img_151.PNG,shake,,,,,1.927764732474264,1.5735359137567273
CLAHE_NAFNet,img_152.PNG,shake,,,,,13.343054555237277,3.2184980734085444
CLAHE_NAFNet,img_153.PNG,shake,,,,,55.31397732969354,11.492124197896976
CLAHE_NAFNet,img_154.PNG,shake,,,,,13.041348076608287,4.35745191436338
CLAHE_NAFNet,img_155.PNG,shake,,,,,11.62656358580441,3.343136702086178
CLAHE_NAFNet,img_156.PNG,shake,,,,,15.972612680008451,5.880488553130391
CLAHE_NAFNet,img_157.PNG,shake,,,,,4.857111551791481,2.496903599878732
CLAHE_NAFNet,img_158.PNG,shake,,,,,3.6995167247707,2.073002705002631
CLAHE_NAFNet,img_159.PNG,shake,,,,,34.010058588465064,5.508997437495486
CLAHE_NAFNet,img_160.PNG,shake,,,,,20.996187903850036,6.446758307412542
CLAHE_NAFNet,img_161.PNG,shake,,,,,7.97379683491703,3.0810519415887008
CLAHE_NAFNet,img_162.PNG,shake,,,,,1.9161902241623872,0.9508434604385421
CLAHE_NAFNet,img_163.PNG,shake,,,,,3.157010077958033,2.2637917403755243
CLAHE_NAFNet,img_164.PNG,shake,,,,,2.889175792575171,2.088438985131335
CLAHE_NAFNet,img_165.PNG,shake,,,,,9.681342649492393,4.355292324079235
CLAHE_NAFNet,img_166.PNG,shake,,,,,8.096993045354719,3.6961002843710897
CLAHE_NAFNet,img_167.PNG,shake,,,,,9.29155951100264,4.458322412632953
CLAHE_NAFNet,img_168.PNG,shake,,,,,4.724942627395011,2.913236459225314
CLAHE_NAFNet,img_169.PNG,shake,,,,,8.364092862824723,3.2359790041093133
ZeroDCE_Wiener,img_1.PNG,shake,,,,,1256.737474427631,22.41357088873348
ZeroDCE_Wiener,img_2.PNG,shake,,,,,1463.3970271050107,34.271115911160344
ZeroDCE_Wiener,img_3.PNG,shake,,,,,879.4609395703656,24.363746333528233
ZeroDCE_Wiener,img_4.PNG,shake,,,,,1629.4229830813108,37.621607381588014
ZeroDCE_Wiener,img_5.PNG,shake,,,,,1187.6655511803517,31.619418189114867
ZeroDCE_Wiener,img_6.PNG,shake,,,,,1131.3344546783758,31.501500579176223
ZeroDCE_Wiener,img_7.PNG,shake,,,,,958.4998730386908,29.729482441842922
ZeroDCE_Wiener,img_8.PNG,shake,,,,,986.475494902352,30.172090780899474
ZeroDCE_Wiener,img_9.PNG,shake,,,,,928.150751229568,31.087226710476227
ZeroDCE_Wiener,img_10.PNG,shake,,,,,1993.062274055714,46.82498460226156
ZeroDCE_Wiener,img_11.PNG,shake,,,,,1823.975438658284,38.45240482922301
ZeroDCE_Wiener,img_12.PNG,shake,,,,,3776.7359665825174,59.59129258572501
ZeroDCE_Wiener,img_13.PNG,shake,,,,,1783.6362846585064,34.34985126299292
ZeroDCE_Wiener,img_14.PNG,shake,,,,,1961.2988374129072,36.977172137694325
ZeroDCE_Wiener,img_15.PNG,shake,,,,,1973.0834872332775,47.77677144006809
ZeroDCE_Wiener,img_16.PNG,shake,,,,,2698.136769113072,56.87901465937972
ZeroDCE_Wiener,img_17.PNG,shake,,,,,1490.829780439178,30.50292751168281
ZeroDCE_Wiener,img_18.PNG,shake,,,,,1710.4625032892236,37.224973874867
ZeroDCE_Wiener,img_19.PNG,shake,,,,,1212.7688521341697,31.197191392091526
ZeroDCE_Wiener,img_20.PNG,shake,,,,,1403.411361165286,29.71541956747891
ZeroDCE_Wiener,img_21.PNG,shake,,,,,391.99802902430883,10.619148373651232
ZeroDCE_Wiener,img_22.PNG,shake,,,,,441.9285528633324,12.816688631283435
ZeroDCE_Wiener,img_23.PNG,shake,,,,,1522.5470288199026,32.9301379142513
ZeroDCE_Wiener,img_24.PNG,shake,,,,,1454.9304951088511,27.7933762888319
ZeroDCE_Wiener,img_25.PNG,shake,,,,,1258.7650490049061,22.656928781985517
ZeroDCE_Wiener,img_26.PNG,shake,,,,,1431.046742809417,21.945637259479
ZeroDCE_Wiener,img_27.PNG,shake,,,,,1426.5402604670585,22.67639441821861
ZeroDCE_Wiener,img_28.PNG,shake,,,,,1469.7774961963,23.54215528570051
ZeroDCE_Wiener,img_29.PNG,shake,,,,,1462.7059175549798,27.162658206542055
ZeroDCE_Wiener,img_30.PNG,shake,,,,,783.6230231590233,14.981859095890396
ZeroDCE_Wiener,img_31.PNG,shake,,,,,768.5248132820598,15.390955892024799
ZeroDCE_Wiener,img_32.PNG,shake,,,,,1204.1979357182654,28.302666275606427
ZeroDCE_Wiener,img_33.PNG,shake,,,,,994.025945806433,24.741348154430817
ZeroDCE_Wiener,img_34.PNG,shake,,,,,774.1728782988935,15.077544001022524
ZeroDCE_Wiener,img_35.PNG,shake,,,,,721.5994521482967,13.850259484973941
ZeroDCE_Wiener,img_36.PNG,shake,,,,,936.1685354185427,18.808940243048934
ZeroDCE_Wiener,img_37.PNG,shake,,,,,1047.613230450428,23.84573958739971
ZeroDCE_Wiener,img_38.PNG,shake,,,,,1358.5142568361669,29.55256537465546
ZeroDCE_Wiener,img_39.PNG,shake,,,,,992.9744133601156,21.402448288950506
ZeroDCE_Wiener,img_40.PNG,shake,,,,,701.8531007863247,17.85729317110404
ZeroDCE_Wiener,img_41.PNG,shake,,,,,872.5127412512526,18.966457436901575
ZeroDCE_Wiener,img_42.PNG,shake,,,,,868.0562228258875,17.52089233073918
ZeroDCE_Wiener,img_43.PNG,shake,,,,,796.5431915718982,18.1073397442949
ZeroDCE_Wiener,img_44.PNG,shake,,,,,848.2720958452885,18.380279719071957
ZeroDCE_Wiener,img_45.PNG,shake,,,,,805.4969004711421,18.146814478747128
ZeroDCE_Wiener,img_46.PNG,shake,,,,,938.6671028121024,21.26627453121461
ZeroDCE_Wiener,img_47.PNG,shake,,,,,1217.6691763738015,29.288642800514417
ZeroDCE_Wiener,img_48.PNG,shake,,,,,900.8822979082854,23.84053697352675
ZeroDCE_Wiener,img_49.PNG,shake,,,,,589.5958140009507,15.05767534851047
ZeroDCE_Wiener,img_50.PNG,shake,,,,,968.4571476478894,17.502239191084666
ZeroDCE_Wiener,img_51.PNG,shake,,,,,534.26058875293,18.084023280006008
ZeroDCE_Wiener,img_52.PNG,shake,,,,,889.2470272910991,20.00359831071827
ZeroDCE_Wiener,img_53.PNG,shake,,,,,2167.1666419890944,48.347370743181926
ZeroDCE_Wiener,img_54.PNG,shake,,,,,856.4668756303237,19.931116213851595
ZeroDCE_Wiener,img_55.PNG,shake,,,,,5056.127545434088,59.323978796416
ZeroDCE_Wiener,img_56.PNG,shake,,,,,2962.217173793161,36.42879910728159
ZeroDCE_Wiener,img_57.PNG,shake,,,,,2549.272090198889,34.13297251855918
ZeroDCE_Wiener,img_58.PNG,shake,,,,,2475.030196278604,31.283946525642218
ZeroDCE_Wiener,img_59.PNG,shake,,,,,2132.170236396719,31.91632109287803
ZeroDCE_Wiener,img_60.PNG,shake,,,,,1758.5966354800562,27.301068331844906
ZeroDCE_Wiener,img_61.PNG,shake,,,,,4019.377666203457,51.332423887814166
ZeroDCE_Wiener,img_62.PNG,shake,,,,,4327.544083195303,64.20439750617865
ZeroDCE_Wiener,img_63.PNG,shake,,,,,7310.935683174105,91.40733592658457
ZeroDCE_Wiener,img_64.PNG,shake,,,,,2969.7099231226407,41.2222564089705
ZeroDCE_Wiener,img_65.PNG,shake,,,,,2139.052499019574,28.17082852302851
ZeroDCE_Wiener,img_66.PNG,shake,,,,,2996.932705729943,32.84934995155105
ZeroDCE_Wiener,img_67.PNG,shake,,,,,4876.791410951762,49.142142725698804
ZeroDCE_Wiener,img_68.PNG,shake,,,,,5139.021875755996,57.76473441114085
ZeroDCE_Wiener,img_69.PNG,shake,,,,,4368.050681876247,53.9344416112238
ZeroDCE_Wiener,img_70.PNG,shake,,,,,2513.5999955079697,39.06378414130344
ZeroDCE_Wiener,img_71.PNG,shake,,,,,2268.426046459103,26.670903659852254
ZeroDCE_Wiener,img_72.PNG,shake,,,,,1884.2824761283673,24.294900297384608
ZeroDCE_Wiener,img_73.PNG,shake,,,,,1602.2394854233473,22.58457234179833
ZeroDCE_Wiener,img_74.PNG,shake,,,,,2684.683007490128,23.751811641562615
ZeroDCE_Wiener,img_75.PNG,shake,,,,,1613.9757776698962,18.384442177444857
ZeroDCE_Wiener,img_76.PNG,shake,,,,,3031.5869307144967,30.160015084920325
ZeroDCE_Wiener,img_77.PNG,shake,,,,,3616.9056570229673,40.56056461834934
ZeroDCE_Wiener,img_78.PNG,shake,,,,,1893.822888287071,28.72600475297302
ZeroDCE_Wiener,img_79.PNG,shake,,,,,2591.9640074127674,31.494894958483687
ZeroDCE_Wiener,img_80.PNG,shake,,,,,1031.8877212122336,15.731316201914202
ZeroDCE_Wiener,img_81.PNG,shake,,,,,817.3199457074168,15.170515102053388
ZeroDCE_Wiener,img_82.PNG,shake,,,,,773.4015048704729,14.770174911020973
ZeroDCE_Wiener,img_83.PNG,shake,,,,,960.7265116059643,16.949614326643353
ZeroDCE_Wiener,img_84.PNG,shake,,,,,1076.678622488371,20.801722962727837
ZeroDCE_Wiener,img_85.PNG,shake,,,,,861.7683091796058,23.622207256581365
ZeroDCE_Wiener,img_86.PNG,shake,,,,,952.5408878554952,26.72783060208684
ZeroDCE_Wiener,img_87.PNG,shake,,,,,870.1200869574244,22.274016897185632
ZeroDCE_Wiener,img_88.PNG,shake,,,,,651.4055184495077,17.027805748580185
ZeroDCE_Wiener,img_89.PNG,shake,,,,,773.6702147092934,14.98266728832124
ZeroDCE_Wiener,img_90.PNG,shake,,,,,969.3741848743999,16.62512617813144
ZeroDCE_Wiener,img_91.PNG,shake,,,,,873.2950316760139,18.11225817890874
ZeroDCE_Wiener,img_92.PNG,shake,,,,,665.9732167857347,15.73969559839304
ZeroDCE_Wiener,img_93.PNG,shake,,,,,1000.1977760158707,25.358462628187493
ZeroDCE_Wiener,img_94.PNG,shake,,,,,1024.2392496337088,25.176453399059785
ZeroDCE_Wiener,img_95.PNG,shake,,,,,797.9692113719262,18.404598235853374
ZeroDCE_Wiener,img_96.PNG,shake,,,,,743.8054744574379,20.411285607519655
ZeroDCE_Wiener,img_97.PNG,shake,,,,,672.583560278019,17.053821454386338
ZeroDCE_Wiener,img_98.PNG,shake,,,,,1055.567538754999,20.15021936734373
ZeroDCE_Wiener,img_99.PNG,shake,,,,,1069.327752947649,21.477372940987866
ZeroDCE_Wiener,img_100.PNG,shake,,,,,726.5858974622282,14.45039063481077
ZeroDCE_Wiener,img_101.PNG,shake,,,,,901.1385241176214,22.065539763680885
ZeroDCE_Wiener,img_102.PNG,shake,,,,,972.9095264394138,21.838460059133133
ZeroDCE_Wiener,img_103.PNG,shake,,,,,823.6419912020841,18.722447007093532
ZeroDCE_Wiener,img_104.PNG,shake,,,,,881.1707669211023,19.03243799458733
ZeroDCE_Wiener,img_105.PNG,shake,,,,,857.6505445189106,19.43041108640898
ZeroDCE_Wiener,img_106.PNG,shake,,,,,759.0632836216818,20.497125595609766
ZeroDCE_Wiener,img_107.PNG,shake,,,,,707.4458597270997,17.78846234813813
ZeroDCE_Wiener,img_108.PNG,shake,,,,,761.8699611893728,17.9384897129038
ZeroDCE_Wiener,img_109.PNG,shake,,,,,777.5321618075507,17.681492391565765
ZeroDCE_Wiener,img_110.PNG,shake,,,,,698.5427269335449,13.989854967765718
ZeroDCE_Wiener,img_111.PNG,shake,,,,,669.1341406496635,16.87528993946008
ZeroDCE_Wiener,img_112.PNG,shake,,,,,839.3650219585667,16.564372009069352
ZeroDCE_Wiener,img_113.PNG,shake,,,,,885.7253442292076,17.363038416035412
ZeroDCE_Wiener,img_114.PNG,shake,,,,,531.6588354364567,14.189854939064888
ZeroDCE_Wiener,img_115.PNG,shake,,,,,954.6604068390279,23.522340739686275
ZeroDCE_Wiener,img_116.PNG,shake,,,,,1281.6383226551447,28.784392764240312
ZeroDCE_Wiener,img_117.PNG,shake,,,,,1080.6471229271697,26.544507656321766
ZeroDCE_Wiener,img_118.PNG,shake,,,,,1237.2142511931959,31.61544316459169
ZeroDCE_Wiener,img_119.PNG,shake,,,,,1113.6686292953057,25.659045231340944
ZeroDCE_Wiener,img_120.PNG,shake,,,,,827.941866406368,18.969999814303183
ZeroDCE_Wiener,img_121.PNG,shake,,,,,618.929763867488,16.322943187969983
ZeroDCE_Wiener,img_122.PNG,shake,,,,,1077.3884939732802,19.679118471502985
ZeroDCE_Wiener,img_123.PNG,shake,,,,,952.598729684207,16.91973203726722
ZeroDCE_Wiener,img_124.PNG,shake,,,,,1034.8898722558158,29.26154580796317
ZeroDCE_Wiener,img_125.PNG,shake,,,,,836.0057992305735,24.96863535228797
ZeroDCE_Wiener,img_126.PNG,shake,,,,,1067.2915629322747,26.45356696567809
ZeroDCE_Wiener,img_127.PNG,shake,,,,,957.6608514612964,22.004124026821003
ZeroDCE_Wiener,img_128.PNG,shake,,,,,1012.2896202991061,18.910632584294106
ZeroDCE_Wiener,img_129.PNG,shake,,,,,1110.4175956809886,22.273005103667117
ZeroDCE_Wiener,img_130.PNG,shake,,,,,837.5705435481685,14.838897921397129
ZeroDCE_Wiener,img_131.PNG,shake,,,,,638.9774003330618,13.04202438855991
ZeroDCE_Wiener,img_132.PNG,shake,,,,,760.1169411224315,14.637253701210032
ZeroDCE_Wiener,img_133.PNG,shake,,,,,908.813521714949,21.80888961916262
ZeroDCE_Wiener,img_134.PNG,shake,,,,,1277.048093422184,28.411029143767724
ZeroDCE_Wiener,img_135.PNG,shake,,,,,1178.0229939483088,27.167399632764536
ZeroDCE_Wiener,img_136.PNG,shake,,,,,695.2521376144612,16.4734177475081
ZeroDCE_Wiener,img_137.PNG,shake,,,,,1082.0615156381323,23.311025720764604
ZeroDCE_Wiener,img_138.PNG,shake,,,,,780.8499366996289,17.623739403180064
ZeroDCE_Wiener,img_139.PNG,shake,,,,,204.49917556299783,5.017949600177088
ZeroDCE_Wiener,img_140.PNG,shake,,,,,593.3496736475423,13.559797605778021
ZeroDCE_Wiener,img_141.PNG,shake,,,,,665.8452306721111,18.387276783826845
ZeroDCE_Wiener,img_142.PNG,shake,,,,,1485.5600448373011,36.56668321729703
ZeroDCE_Wiener,img_143.PNG,shake,,,,,1338.64823750262,33.22665363432002
ZeroDCE_Wiener,img_144.PNG,shake,,,,,1575.7092428123826,37.69017148828162
ZeroDCE_Wiener,img_145.PNG,shake,,,,,1645.8872458531016,38.71783869966334
ZeroDCE_Wiener,img_146.PNG,shake,,,,,1702.30063330261,39.38413976795298
ZeroDCE_Wiener,img_147.PNG,shake,,,,,1555.4015823999412,38.98174563066763
ZeroDCE_Wiener,img_148.PNG,shake,,,,,1506.125471710206,38.81275356459009
ZeroDCE_Wiener,img_149.PNG,shake,,,,,1710.6596817074492,33.34438065893775
ZeroDCE_Wiener,img_150.PNG,shake,,,,,883.2247169795647,16.896887141104415
ZeroDCE_Wiener,img_151.PNG,shake,,,,,508.6565670715511,12.255105601174625
ZeroDCE_Wiener,img_152.PNG,shake,,,,,931.1594122351306,18.53192207672265
ZeroDCE_Wiener,img_153.PNG,shake,,,,,1467.6373729757024,40.70524532806747
ZeroDCE_Wiener,img_154.PNG,shake,,,,,1344.4650943929073,27.812730661424208
ZeroDCE_Wiener,img_155.PNG,shake,,,,,843.3433067025729,17.711329692673427
ZeroDCE_Wiener,img_156.PNG,shake,,,,,1021.5194474577584,22.631018402159057
ZeroDCE_Wiener,img_157.PNG,shake,,,,,663.3630536909483,14.473210188672768
ZeroDCE_Wiener,img_158.PNG,shake,,,,,987.1837218223675,18.055928923088164
ZeroDCE_Wiener,img_159.PNG,shake,,,,,1320.663577411024,22.342623369924585
ZeroDCE_Wiener,img_160.PNG,shake,,,,,647.9108767963106,18.627387864188645
ZeroDCE_Wiener,img_161.PNG,shake,,,,,874.3770207122391,19.541744943188075
ZeroDCE_Wiener,img_162.PNG,shake,,,,,419.94636715908365,8.714337025624863
ZeroDCE_Wiener,img_163.PNG,shake,,,,,962.5869232246233,20.20058631685055
ZeroDCE_Wiener,img_164.PNG,shake,,,,,1095.7803682866027,19.841411803652782
ZeroDCE_Wiener,img_165.PNG,shake,,,,,1402.3244682114303,30.024479491885938
ZeroDCE_Wiener,img_166.PNG,shake,,,,,1133.3659327826208,24.69233022749192
ZeroDCE_Wiener,img_167.PNG,shake,,,,,1168.5512114682624,27.197439972247718
ZeroDCE_Wiener,img_168.PNG,shake,,,,,936.8056900201616,21.012872217874662
ZeroDCE_Wiener,img_169.PNG,shake,,,,,878.5101147817587,19.37350197570439
ZeroDCE_NAFNet,img_1.PNG,shake,,,,,31.652498926637904,7.471012433244341
ZeroDCE_NAFNet,img_2.PNG,shake,,,,,58.19655490925284,12.51042050161144
ZeroDCE_NAFNet,img_3.PNG,shake,,,,,24.92345498262822,8.865670654998759
ZeroDCE_NAFNet,img_4.PNG,shake,,,,,57.766087156182245,12.73052475002369
ZeroDCE_NAFNet,img_5.PNG,shake,,,,,69.6048244775729,13.236559432532546
ZeroDCE_NAFNet,img_6.PNG,shake,,,,,50.694704030048015,11.923179848832
ZeroDCE_NAFNet,img_7.PNG,shake,,,,,40.74683538287601,12.245462891659685
ZeroDCE_NAFNet,img_8.PNG,shake,,,,,46.50296157909593,12.381543382043686
ZeroDCE_NAFNet,img_9.PNG,shake,,,,,31.112693358990526,11.950456428026442
ZeroDCE_NAFNet,img_10.PNG,shake,,,,,56.85593238934299,14.98638568655351
ZeroDCE_NAFNet,img_11.PNG,shake,,,,,64.6351994048519,11.397184352667901
ZeroDCE_NAFNet,img_12.PNG,shake,,,,,176.544131165805,20.708095180071062
ZeroDCE_NAFNet,img_13.PNG,shake,,,,,74.27499984397096,12.25660419587052
ZeroDCE_NAFNet,img_14.PNG,shake,,,,,62.325969990559614,12.72006373554083
ZeroDCE_NAFNet,img_15.PNG,shake,,,,,71.87093553471445,18.6603221556212
ZeroDCE_NAFNet,img_16.PNG,shake,,,,,113.05460185514399,19.46525328053452
ZeroDCE_NAFNet,img_17.PNG,shake,,,,,43.89626997971492,10.542647402145406
ZeroDCE_NAFNet,img_18.PNG,shake,,,,,71.36115359711532,13.273289550591876
ZeroDCE_NAFNet,img_19.PNG,shake,,,,,48.66856476218931,13.085007553007188
ZeroDCE_NAFNet,img_20.PNG,shake,,,,,52.85371104462745,9.956438883289144
ZeroDCE_NAFNet,img_21.PNG,shake,,,,,25.249223303741562,4.433987772503218
ZeroDCE_NAFNet,img_22.PNG,shake,,,,,26.662991793324206,4.995786338172376
ZeroDCE_NAFNet,img_23.PNG,shake,,,,,50.35595747914352,11.83381730622726
ZeroDCE_NAFNet,img_24.PNG,shake,,,,,57.255212771032106,10.588935089295031
ZeroDCE_NAFNet,img_25.PNG,shake,,,,,37.05717093307726,8.073689599672951
ZeroDCE_NAFNet,img_26.PNG,shake,,,,,35.95713416939196,7.256344492957644
ZeroDCE_NAFNet,img_27.PNG,shake,,,,,43.58671449964966,8.034792170400166
ZeroDCE_NAFNet,img_28.PNG,shake,,,,,58.97123146868705,8.247169222740562
ZeroDCE_NAFNet,img_29.PNG,shake,,,,,69.63779429830466,11.03100012298422
ZeroDCE_NAFNet,img_30.PNG,shake,,,,,8.216982821737457,5.524229354318598
ZeroDCE_NAFNet,img_31.PNG,shake,,,,,11.377984001471614,6.026198529757331
ZeroDCE_NAFNet,img_32.PNG,shake,,,,,38.70065956944768,9.53709729198885
ZeroDCE_NAFNet,img_33.PNG,shake,,,,,43.33397748439756,9.332217849240756
ZeroDCE_NAFNet,img_34.PNG,shake,,,,,17.481207177419687,5.091484676916671
ZeroDCE_NAFNet,img_35.PNG,shake,,,,,19.090568780738188,4.70257510928093
ZeroDCE_NAFNet,img_36.PNG,shake,,,,,49.128426930991125,6.901851540162586
ZeroDCE_NAFNet,img_37.PNG,shake,,,,,50.03579699976023,9.239015334861005
ZeroDCE_NAFNet,img_38.PNG,shake,,,,,54.042911494425795,10.851334896439448
ZeroDCE_NAFNet,img_39.PNG,shake,,,,,23.699240172095323,7.152140067735207
ZeroDCE_NAFNet,img_40.PNG,shake,,,,,17.97465019976749,6.435220834591835
ZeroDCE_NAFNet,img_41.PNG,shake,,,,,25.091221568268093,6.224101917938181
ZeroDCE_NAFNet,img_42.PNG,shake,,,,,23.39709702984034,6.368353912579886
ZeroDCE_NAFNet,img_43.PNG,shake,,,,,20.0967858611447,6.318425734287248
ZeroDCE_NAFNet,img_44.PNG,shake,,,,,21.609708975257906,6.823712853760945
ZeroDCE_NAFNet,img_45.PNG,shake,,,,,19.857218928623244,6.451805886892281
ZeroDCE_NAFNet,img_46.PNG,shake,,,,,16.865980597550912,7.475079551585493
ZeroDCE_NAFNet,img_47.PNG,shake,,,,,24.21273010215796,8.767744739540838
ZeroDCE_NAFNet,img_48.PNG,shake,,,,,26.715650038395193,8.327896824593106
ZeroDCE_NAFNet,img_49.PNG,shake,,,,,14.489376414609282,4.979116427835881
ZeroDCE_NAFNet,img_50.PNG,shake,,,,,27.877608394106808,5.547188598010742
ZeroDCE_NAFNet,img_51.PNG,shake,,,,,21.34885073005742,7.33463018319717
ZeroDCE_NAFNet,img_52.PNG,shake,,,,,21.97946270831228,6.886487046511206
ZeroDCE_NAFNet,img_53.PNG,shake,,,,,58.20164824253263,17.11099695719137
ZeroDCE_NAFNet,img_54.PNG,shake,,,,,19.159628212582426,7.094674311547773
ZeroDCE_NAFNet,img_55.PNG,shake,,,,,136.6939904465012,15.312076642466062
ZeroDCE_NAFNet,img_56.PNG,shake,,,,,60.413886108480796,9.053339320272956
ZeroDCE_NAFNet,img_57.PNG,shake,,,,,27627.273498129794,102.91512908738285
ZeroDCE_NAFNet,img_58.PNG,shake,,,,,53.312089166642856,7.469401226588409
ZeroDCE_NAFNet,img_59.PNG,shake,,,,,30002.51180277394,96.42301094622879
ZeroDCE_NAFNet,img_60.PNG,shake,,,,,4223.545248130383,22.165008578820423
ZeroDCE_NAFNet,img_61.PNG,shake,,,,,78.89018809382284,11.798045928204456
ZeroDCE_NAFNet,img_62.PNG,shake,,,,,101.0777925914429,15.760494152699822
ZeroDCE_NAFNet,img_63.PNG,shake,,,,,170.05287525333185,17.450091053363664
ZeroDCE_NAFNet,img_64.PNG,shake,,,,,63.385560863918684,7.503821821694328
ZeroDCE_NAFNet,img_65.PNG,shake,,,,,34.62550130417379,5.828857530218608
ZeroDCE_NAFNet,img_66.PNG,shake,,,,,70.71984465010713,8.124728715870873
ZeroDCE_NAFNet,img_67.PNG,shake,,,,,162.44619370288402,12.2606402758388
ZeroDCE_NAFNet,img_68.PNG,shake,,,,,2207.3603551823358,24.772627770575436
ZeroDCE_NAFNet,img_69.PNG,shake,,,,,26846.41858219541,102.20880785024853
ZeroDCE_NAFNet,img_70.PNG,shake,,,,,38634.111213279684,129.83413457208528
ZeroDCE_NAFNet,img_71.PNG,shake,,,,,53.526919785638825,6.310200300447878
ZeroDCE_NAFNet,img_72.PNG,shake,,,,,35.61052233296506,4.890384880290765
ZeroDCE_NAFNet,img_73.PNG,shake,,,,,46.047361065830366,5.3375423790026115
ZeroDCE_NAFNet,img_74.PNG,shake,,,,,82.16870474425937,6.219067635661113
ZeroDCE_NAFNet,img_75.PNG,shake,,,,,44.58855504156585,5.107184823239908
ZeroDCE_NAFNet,img_76.PNG,shake,,,,,81.73562103703168,7.990786697455464
ZeroDCE_NAFNet,img_77.PNG,shake,,,,,87.53829263931132,10.99081953400943
ZeroDCE_NAFNet,img_78.PNG,shake,,,,,33.3716020876875,7.865947167703546
ZeroDCE_NAFNet,img_79.PNG,shake,,,,,49.686436429851895,7.384049225671519
ZeroDCE_NAFNet,img_80.PNG,shake,,,,,9.64389120898857,3.6587257364592687
ZeroDCE_NAFNet,img_81.PNG,shake,,,,,16.79765720637799,4.678383962146534
ZeroDCE_NAFNet,img_82.PNG,shake,,,,,13.865205779730426,3.864553738691811
ZeroDCE_NAFNet,img_83.PNG,shake,,,,,16.914477200603127,4.505817995266278
ZeroDCE_NAFNet,img_84.PNG,shake,,,,,25.599060789314237,6.286743448214874
ZeroDCE_NAFNet,img_85.PNG,shake,,,,,32.84541793336902,7.6539687353045425
ZeroDCE_NAFNet,img_86.PNG,shake,,,,,34.76374415607309,9.17956471356124
ZeroDCE_NAFNet,img_87.PNG,shake,,,,,25.643141237346473,7.642967760188444
ZeroDCE_NAFNet,img_88.PNG,shake,,,,,19.128333652525107,5.7775729438467796
ZeroDCE_NAFNet,img_89.PNG,shake,,,,,14.787001050125607,4.582475436467628
ZeroDCE_NAFNet,img_90.PNG,shake,,,,,22.04991011617344,5.120704521979174
ZeroDCE_NAFNet,img_91.PNG,shake,,,,,26.1068025573986,6.752958030252404
ZeroDCE_NAFNet,img_92.PNG,shake,,,,,19.04534263060941,5.87408207213247
ZeroDCE_NAFNet,img_93.PNG,shake,,,,,38.477670638563424,9.719909973193342
ZeroDCE_NAFNet,img_94.PNG,shake,,,,,39.360216858674725,10.136385058571447
ZeroDCE_NAFNet,img_95.PNG,shake,,,,,21.539866804009645,6.425921857057357
ZeroDCE_NAFNet,img_96.PNG,shake,,,,,24.523380768174622,8.039505776211763
ZeroDCE_NAFNet,img_97.PNG,shake,,,,,19.799684617114565,6.022980853719086
ZeroDCE_NAFNet,img_98.PNG,shake,,,,,25.368448056189255,5.749014261870771
ZeroDCE_NAFNet,img_99.PNG,shake,,,,,27.099008900802406,6.55042435229605
ZeroDCE_NAFNet,img_100.PNG,shake,,,,,12.620075429207956,4.364692497250174
ZeroDCE_NAFNet,img_101.PNG,shake,,,,,20.877779114322173,7.3662726417059865
ZeroDCE_NAFNet,img_102.PNG,shake,,,,,20.256686980710324,6.943047934791692
ZeroDCE_NAFNet,img_103.PNG,shake,,,,,25.45444029524934,5.706770125852037
ZeroDCE_NAFNet,img_104.PNG,shake,,,,,24.591071493115383,5.476334902606374
ZeroDCE_NAFNet,img_105.PNG,shake,,,,,23.217620564150025,5.52969810311151
ZeroDCE_NAFNet,img_106.PNG,shake,,,,,36.01333661182217,7.3006737689724535
ZeroDCE_NAFNet,img_107.PNG,shake,,,,,18.166349541970273,5.604103742610362
ZeroDCE_NAFNet,img_108.PNG,shake,,,,,9.231264623384556,5.134053867418997
ZeroDCE_NAFNet,img_109.PNG,shake,,,,,12.363147833897774,4.9195343456342915
ZeroDCE_NAFNet,img_110.PNG,shake,,,,,10.697738809211469,3.660090915586602
ZeroDCE_NAFNet,img_111.PNG,shake,,,,,21.4101006611763,5.733637514781843
ZeroDCE_NAFNet,img_112.PNG,shake,,,,,17.783393186042616,5.112055698191007
ZeroDCE_NAFNet,img_113.PNG,shake,,,,,27.050172205716645,5.228599645498909
ZeroDCE_NAFNet,img_114.PNG,shake,,,,,15.999867543203884,5.232407761327533
ZeroDCE_NAFNet,img_115.PNG,shake,,,,,29.666450995775143,8.8132239434122
ZeroDCE_NAFNet,img_116.PNG,shake,,,,,40.074690634226855,9.730212187693134
ZeroDCE_NAFNet,img_117.PNG,shake,,,,,28.910530637200047,8.97490420383006
ZeroDCE_NAFNet,img_118.PNG,shake,,,,,31.343669031192725,10.809349103984973
ZeroDCE_NAFNet,img_119.PNG,shake,,,,,28.462642868712756,8.232738049380634
ZeroDCE_NAFNet,img_120.PNG,shake,,,,,25.929138937401422,6.066015691913174
ZeroDCE_NAFNet,img_121.PNG,shake,,,,,10.728393811661137,5.268837675102939
ZeroDCE_NAFNet,img_122.PNG,shake,,,,,21.869175789160202,4.984845756072084
ZeroDCE_NAFNet,img_123.PNG,shake,,,,,26.968230561671593,5.150167144148055
ZeroDCE_NAFNet,img_124.PNG,shake,,,,,43.11657836572869,9.040709335303827
ZeroDCE_NAFNet,img_125.PNG,shake,,,,,33.30555423687439,9.240117936701548
ZeroDCE_NAFNet,img_126.PNG,shake,,,,,34.67602000127778,8.741550846857795
ZeroDCE_NAFNet,img_127.PNG,shake,,,,,36.472024057199924,7.456753729644426
ZeroDCE_NAFNet,img_128.PNG,shake,,,,,31.234584208431148,6.1522212209665845
ZeroDCE_NAFNet,img_129.PNG,shake,,,,,33.091763699924826,7.723033986378282
ZeroDCE_NAFNet,img_130.PNG,shake,,,,,21.881724519092327,4.521580976455803
ZeroDCE_NAFNet,img_131.PNG,shake,,,,,23.647711125777334,4.505879351475437
ZeroDCE_NAFNet,img_132.PNG,shake,,,,,20.704912365898487,4.470311999515705
ZeroDCE_NAFNet,img_133.PNG,shake,,,,,22.183866587281337,7.031951142076487
ZeroDCE_NAFNet,img_134.PNG,shake,,,,,42.4471242211243,10.707376561222123
ZeroDCE_NAFNet,img_135.PNG,shake,,,,,34.389762769837716,10.182030300722731
ZeroDCE_NAFNet,img_136.PNG,shake,,,,,23.561371695192246,6.256623807344167
ZeroDCE_NAFNet,img_137.PNG,shake,,,,,16.22153362652333,7.681075047957349
ZeroDCE_NAFNet,img_138.PNG,shake,,,,,13.000537062118129,5.299243042460036
ZeroDCE_NAFNet,img_139.PNG,shake,,,,,4.20354416189552,1.304031961235501
ZeroDCE_NAFNet,img_140.PNG,shake,,,,,6.69602887283489,3.6365695387698365
ZeroDCE_NAFNet,img_141.PNG,shake,,,,,20.785023565042408,6.97332946929567
ZeroDCE_NAFNet,img_142.PNG,shake,,,,,61.84780191684685,12.569991254662764
ZeroDCE_NAFNet,img_143.PNG,shake,,,,,60.476439696696644,12.244114731060343
ZeroDCE_NAFNet,img_144.PNG,shake,,,,,63.52214806791564,12.61772652460212
ZeroDCE_NAFNet,img_145.PNG,shake,,,,,65.44510679485118,12.587815850771456
ZeroDCE_NAFNet,img_146.PNG,shake,,,,,61.63334185077164,12.294549340433774
ZeroDCE_NAFNet,img_147.PNG,shake,,,,,58.936610764202285,13.04262844477657
ZeroDCE_NAFNet,img_148.PNG,shake,,,,,62.07667254475569,13.455846299332514
ZeroDCE_NAFNet,img_149.PNG,shake,,,,,74.90598491259026,11.701950347953446
ZeroDCE_NAFNet,img_150.PNG,shake,,,,,14.8124865371321,5.1641525779491415
ZeroDCE_NAFNet,img_151.PNG,shake,,,,,8.310819513459215,3.5733451420394293
ZeroDCE_NAFNet,img_152.PNG,shake,,,,,32.214985286107215,6.45646289863107
ZeroDCE_NAFNet,img_153.PNG,shake,,,,,68.69329653431689,14.203619938693054
ZeroDCE_NAFNet,img_154.PNG,shake,,,,,36.67618842913074,8.237364417044398
ZeroDCE_NAFNet,img_155.PNG,shake,,,,,31.68003121663425,6.373086557384177
ZeroDCE_NAFNet,img_156.PNG,shake,,,,,21.59741680850038,8.004928402640228
ZeroDCE_NAFNet,img_157.PNG,shake,,,,,16.431201840422293,5.416114539635378
ZeroDCE_NAFNet,img_158.PNG,shake,,,,,22.904534137338725,6.268090515612663
ZeroDCE_NAFNet,img_159.PNG,shake,,,,,71.78525324920614,9.139171070420225
ZeroDCE_NAFNet,img_160.PNG,shake,,,,,28.436442985123016,8.254928373510555
ZeroDCE_NAFNet,img_161.PNG,shake,,,,,24.748277550236576,6.000181243739879
ZeroDCE_NAFNet,img_162.PNG,shake,,,,,13.206119007851314,2.597199400452483
ZeroDCE_NAFNet,img_163.PNG,shake,,,,,16.314755835264393,5.950425132787394
ZeroDCE_NAFNet,img_164.PNG,shake,,,,,16.696350088755874,5.868694556070499
ZeroDCE_NAFNet,img_165.PNG,shake,,,,,25.83316914945204,8.873152334474007
ZeroDCE_NAFNet,img_166.PNG,shake,,,,,25.637972862493108,7.875784303275017
ZeroDCE_NAFNet,img_167.PNG,shake,,,,,22.518767737464184,7.956147678036499
ZeroDCE_NAFNet,img_168.PNG,shake,,,,,18.23237270177426,6.288732435585146
ZeroDCE_NAFNet,img_169.PNG,shake,,,,,23.253777535914047,5.845700079232021
